country,population_thousands,crude_birth_rate,who_hbs_region,surveys,hbs_af,hbs_af_iqr_lower,hbs_af_iqr_upper,as_neonates_per_year,as_iqr_lower,as_iqr_upper,ss_neonates_per_year,ss_iqr_lower,ss_iqr_upper,modell_darlison_ss,modell_darlison_outside_flag
Afghanistan,29117,0.0423,EMRO/Arab‐India,1,0.0,0.0,0.001,144,13,1078,0,0,8,0,
Albania,3158,0.0128,EURO/Eurasia,1,0.014,0.009,0.022,1391,863,2112,30,14,58,11,*
Algeria,35423,0.0192,AFRO/Eurasia,18,0.007,0.005,0.01,10486,7351,15100,191,115,332,50,**
Angola,18994,0.0399,AFRO/Sub‐Saharan Africa,18,0.137,0.097,0.192,112443,90764,135659,8364,5880,11735,9560,
Argentina,40668,0.0168,AMRO/Americas,0,0.0,0.0,0.001,444,131,1273,4,1,22,0,**
Armenia,3093,0.015,EURO/Eurasia,0,0.0,0.0,0.001,0,0,8,0,0,0,0,
Aruba,107,0.0111,AMRO/Americas,1,0.016,0.01,0.024,48,30,72,1,0,2,0,**
Australia,21510,0.0135,WPRO/Southeast Asia,2,0.001,0.001,0.002,663,281,1415,5,1,18,0,*
Austria,8403,0.0086,EURO/Eurasia,0,0.002,0.0,0.005,143,19,691,1,0,10,0,*
Azerbaijan,8932,0.0195,EURO/Eurasia,0,0.0,0.0,0.001,4,0,92,0,0,0,4,*
Bahamas,346,0.0152,AMRO/Americas,1,0.024,0.011,0.054,287,130,559,8,3,24,34,*
Bahrain,807,0.0179,EMRO/Arab‐India,0,0.05,0.031,0.076,1548,1104,2016,59,32,98,81,
Bangladesh,164424,0.0195,SEAR/Arab‐India,0,0.001,0.001,0.002,3459,847,11777,16,2,101,0,**
Barbados,257,0.0109,AMRO/Americas,0,0.025,0.01,0.063,179,66,350,4,1,15,4,
Belarus,9579,0.0112,EURO/Eurasia,0,0.0,0.0,0.0,0,0,7,0,0,0,0,
Belgium,10715,0.0114,EURO/Eurasia,18,0.008,0.006,0.011,2302,1695,3094,29,17,49,5,**
Belize,313,0.024,AMRO/Americas,3,0.075,0.051,0.112,937,719,1178,47,31,70,5,**
Benin,9219,0.0383,AFRO/Sub‐Saharan Africa,9,0.159,0.13,0.191,64207,58876,69623,4543,3808,5362,3561,*
Bhutan,723,0.0196,SEAR/Southeast Asia,0,0.001,0.0,0.002,4,0,26,0,0,0,0,
Bolivia (Plurinational State of),9995,0.0258,AMRO/Americas,0,0.0,0.0,0.0,6,0,45,0,0,0,0,
Bosnia and Herzegovina,3746,0.0082,EURO/Eurasia,0,0.003,0.001,0.007,120,18,509,1,0,8,0,*
Botswana,1977,0.0229,AFRO/Sub‐Saharan Africa,4,0.003,0.002,0.007,300,120,693,4,1,15,0,**
Brazil,195453,0.015,AMRO/Americas,47,0.017,0.013,0.022,101138,81605,124941,3244,2312,4570,764,**
Brunei Darussalam,410,0.0182,WPRO/Southeast Asia,0,0.0,0.0,0.0,0,0,0,0,0,0,0,
Bulgaria,7491,0.01,EURO/Eurasia,0,0.007,0.003,0.015,1076,377,2510,17,4,64,0,**
Burkina Faso,16250,0.0424,AFRO/Sub‐Saharan Africa,51,0.056,0.049,0.064,71083,65562,76864,3124,2681,3609,1065,**
Burundi,8519,0.0333,AFRO/Sub‐Saharan Africa,2,0.04,0.029,0.057,24365,19070,30317,889,577,1322,2449,**
Cambodia,15056,0.0216,WPRO/Southeast Asia,1,0.0,0.0,0.0,0,0,0,0,0,0,0,
Cameroon,19957,0.0349,AFRO/Sub‐Saharan Africa,34,0.12,0.105,0.138,109857,102502,117187,6915,6069,7853,5906,*
Canada,33871,0.0113,AMRO/Americas,3,0.004,0.002,0.006,3004,1678,5163,45,17,104,43,
Cape Verde,513,0.0199,AFRO/Sub‐Saharan Africa,3,0.026,0.018,0.036,625,463,800,18,11,28,6,*
Central African Republic,4506,0.0345,AFRO/Sub‐Saharan Africa,2,0.077,0.052,0.113,18315,14060,22742,976,638,1437,677,
Chad,11509,0.0434,AFRO/Sub‐Saharan Africa,6,0.051,0.038,0.069,43553,35604,52360,2045,1459,2788,908,*
Chile,17135,0.014,AMRO/Americas,4,0.0,0.0,0.0,0,0,0,0,0,0,0,
China,1381710,0.0119,WPRO/Southeast Asia,8,0.0,0.0,0.0,43,3,384,0,0,1,0,
Colombia,46305,0.0189,AMRO/Americas,2,0.008,0.004,0.014,14464,7675,25504,321,126,742,537,
Comoros,691,0.0357,AFRO/Sub‐Saharan Africa,2,0.018,0.011,0.031,1105,660,1736,25,10,56,0,**
Congo,3760,0.0346,AFRO/Sub‐Saharan Africa,4,0.145,0.112,0.19,22773,19572,25999,1560,1218,2008,2042,*
"Congo, the Democratic Republic of the",67829,0.0421,AFRO/Sub‐Saharan Africa,11,0.165,0.142,0.191,489745,455733,524014,38217,32838,44870,20113,**
Costa Rica,4640,0.0153,AMRO/Americas,1,0.016,0.008,0.033,2731,1211,5281,60,18,173,8,*
Côte d'Ivoire,21571,0.033,AFRO/Sub‐Saharan Africa,7,0.062,0.047,0.082,74168,61560,88026,3567,2648,4773,1564,**
Croatia,4410,0.0098,EURO/Eurasia,0,0.002,0.001,0.006,137,22,572,1,0,10,0,*
Cuba,11204,0.0096,AMRO/Americas,1,0.03,0.017,0.054,6578,4194,9570,240,111,465,259,
Cyprus,846,0.0115,EURO/Eurasia,1,0.007,0.004,0.013,147,61,308,2,0,6,0,*
Czech Republic,10410,0.0109,EURO/Eurasia,0,0.001,0.0,0.003,59,4,512,0,0,5,0,
Denmark,5482,0.0113,EURO/Eurasia,0,0.0,0.0,0.002,11,0,136,0,0,1,2,*
Djibouti,879,0.0284,EMRO/Sub‐Saharan Africa,0,0.001,0.0,0.001,3,0,29,0,0,0,0,
Dominican Republic,10225,0.0209,AMRO/Americas,0,0.019,0.009,0.04,9461,4334,17804,247,78,672,722,*
Ecuador,13775,0.0198,AMRO/Americas,0,0.0,0.0,0.001,45,3,389,0,0,3,12,*
Egypt,84472,0.0223,EMRO/Eurasia,5,0.012,0.006,0.024,47754,21874,92324,1196,395,3096,19,**
El Salvador,6201,0.02,AMRO/Americas,1,0.014,0.008,0.022,4039,2370,6240,80,33,168,8,*
Equatorial Guinea,693,0.0359,AFRO/Sub‐Saharan Africa,2,0.192,0.144,0.253,5059,4441,5668,385,297,493,182,**
Eritrea,5204,0.0344,AFRO/Sub‐Saharan Africa,0,0.003,0.001,0.006,767,265,2109,9,2,34,0,**
Estonia,1340,0.0121,EURO/Eurasia,0,0.0,0.0,0.0,0,0,0,0,0,0,0,
Ethiopia,84996,0.03,AFRO/Sub‐Saharan Africa,8,0.003,0.002,0.004,11197,6431,18883,137,60,294,1,**
Fiji,854,0.0206,WPRO/Southeast Asia,0,0.0,0.0,0.0,0,0,0,0,0,0,0,
Finland,5346,0.0114,EURO/Eurasia,0,0.0,0.0,0.0,0,0,0,0,0,0,0,
France,62618,0.0124,EURO/Eurasia,7,0.013,0.009,0.018,22040,15621,30597,520,290,915,79,**
French Guiana,231,0.024,AMRO/Americas,6,0.015,0.011,0.021,186,133,251,5,3,8,4,
French Polynesia,272,0.0164,WPRO/Southeast Asia,0,0.0,0.0,0.0,0,0,0,0,0,0,0,
Gabon,1501,0.027,AFRO/Sub‐Saharan Africa,3,0.28,0.223,0.342,9342,8503,10189,864,705,1059,736,
Gambia,1751,0.0369,AFRO/Sub‐Saharan Africa,29,0.075,0.065,0.087,8657,7977,9355,418,359,487,305,*
Georgia,4221,0.0115,EURO/Eurasia,0,0.0,0.0,0.0,0,0,4,0,0,0,0,
Germany,82014,0.0087,EURO/Eurasia,0,0.004,0.002,0.008,5940,2480,12680,85,22,267,23,
Ghana,24339,0.0303,AFRO/Sub‐Saharan Africa,52,0.087,0.079,0.097,102229,96569,107899,5474,4924,6051,4847,*
Greece,11194,0.0101,EURO/Eurasia,31,0.026,0.02,0.037,6667,5142,8664,206,142,322,1,**
Grenada,104,0.0193,AMRO/Americas,0,0.037,0.016,0.079,174,84,284,6,2,14,5,
Guadeloupe,467,0.0132,AMRO/Americas,1,0.031,0.022,0.044,459,343,594,14,8,22,16,
Guam,180,0.0176,WPRO/Southeast Asia,0,0.0,0.0,0.0,0,0,0,0,0,0,0,
Guatemala,14378,0.0315,AMRO/Americas,0,0.011,0.006,0.02,10285,5208,19137,252,105,570,0,**
Guinea,10324,0.0376,AFRO/Sub‐Saharan Africa,1,0.168,0.128,0.213,70965,62302,79040,5232,4063,6564,4325,
Guinea‐Bissau,1647,0.0374,AFRO/Sub‐Saharan Africa,4,0.041,0.029,0.057,5011,3938,6175,192,123,284,0,**
Guyana,761,0.0174,AMRO/Americas,0,0.021,0.009,0.049,622,251,1247,17,5,53,11,
Haiti,10189,0.0257,AMRO/Americas,8,0.051,0.038,0.069,26801,21627,32317,1088,756,1531,622,*
Honduras,7609,0.0258,AMRO/Americas,0,0.049,0.027,0.092,17783,11179,25925,772,368,1473,0,**
Hong Kong,7288,0.0088,WPRO/Southeast Asia,0,0.0,0.0,0.0,0,0,0,0,0,0,0,
Hungary,9979,0.0101,EURO/Eurasia,1,0.001,0.0,0.003,59,4,406,0,0,4,0,
Iceland,329,0.0147,EURO/Eurasia,0,0.0,0.0,0.0,0,0,0,0,0,0,0,
India,1196940,0.0213,SEAR/Arab‐India,113,0.023,0.02,0.027,996563,883210,1135290,42016,35347,50919,25768,**
Indonesia,232546,0.0174,SEAR/Southeast Asia,14,0.0,0.0,0.0,328,79,1206,1,0,7,0,*
"Iran, Islamic Republic of",75084,0.0162,EMRO/Arab‐India,0,0.011,0.007,0.018,25768,16613,39359,862,444,1581,96,**
Iraq,31443,0.0341,EMRO/Arab‐India,1,0.01,0.005,0.022,23488,11617,47957,629,255,1595,499,
Ireland,4588,0.0156,EURO/Eurasia,0,0.001,0.0,0.003,60,5,447,0,0,4,0,
Italy,60119,0.0091,EURO/Eurasia,41,0.005,0.003,0.009,5635,3028,10363,91,37,236,3,**
Jamaica,2730,0.0179,AMRO/Americas,4,0.037,0.029,0.048,3998,3282,4820,137,99,189,172,
Japan,126995,0.0085,WPRO/Southeast Asia,1,0.0,0.0,0.0,0,0,0,0,0,0,0,
Jordan,6461,0.0237,EMRO/Eurasia,2,0.017,0.012,0.026,6365,4245,9313,145,80,260,4,**
Kazakhstan,15758,0.0206,EURO/Eurasia,0,0.0,0.0,0.0,1,0,11,0,0,0,0,
Kenya,40835,0.0369,AFRO/Sub‐Saharan Africa,51,0.038,0.034,0.043,98471,89175,108467,4475,3879,5137,7872,**
"Korea, Democratic People's Republic of",23963,0.0142,SEAR/Southeast Asia,0,0.0,0.0,0.0,0,0,0,0,0,0,0,
"Korea, Republic of",48517,0.0099,WPRO/Southeast Asia,0,0.0,0.0,0.0,0,0,0,0,0,0,0,
Kuwait,3050,0.0174,EMRO/Arab‐India,0,0.031,0.014,0.065,3824,1878,6476,116,36,293,37,
Kyrgyzstan,5545,0.024,EURO/Eurasia,0,0.0,0.0,0.0,0,0,1,0,0,0,0,
Lao People's Democratic Republic,6434,0.0218,WPRO/Southeast Asia,0,0.0,0.0,0.0,0,0,0,0,0,0,0,
Latvia,2241,0.011,EURO/Eurasia,0,0.0,0.0,0.0,0,0,0,0,0,0,0,
Lebanon,4237,0.0149,EMRO/Eurasia,1,0.049,0.033,0.071,6382,4808,8044,251,152,382,6,**
Lesotho,2064,0.0271,AFRO/Sub‐Saharan Africa,0,0.001,0.0,0.003,40,4,244,0,0,2,0,
Liberia,4102,0.0376,AFRO/Sub‐Saharan Africa,15,0.046,0.038,0.057,13217,11487,14919,562,443,714,105,**
Libyan Arab Jamahiriya,6546,0.0217,EMRO/Eurasia,4,0.021,0.015,0.027,6020,4673,7559,188,128,267,34,**
Lithuania,3256,0.0108,EURO/Eurasia,0,0.0,0.0,0.0,0,0,1,0,0,0,0,
Luxembourg,493,0.0118,EURO/Eurasia,0,0.005,0.003,0.008,48,20,105,0,0,1,0,
Madagascar,20146,0.0346,AFRO/Sub‐Saharan Africa,37,0.061,0.053,0.07,69295,63138,75644,3379,2902,3915,2084,**
Malawi,15690,0.0445,AFRO/Sub‐Saharan Africa,15,0.033,0.023,0.05,47370,35308,61509,1688,1029,2765,917,*
Malaysia,27949,0.0198,WPRO/Southeast Asia,6,0.0,0.0,0.0,1,0,14,0,0,0,0,
Maldives,314,0.0165,SEAR/Eurasia,0,0.0,0.0,0.0,0,0,1,0,0,0,0,*
Mali,13362,0.045,AFRO/Sub‐Saharan Africa,8,0.057,0.044,0.072,56236,47355,65909,2701,2068,3509,4421,*
Malta,410,0.0091,EURO/Eurasia,0,0.015,0.007,0.031,143,61,284,2,1,8,0,**
Martinique,406,0.0116,AMRO/Americas,1,0.035,0.025,0.049,391,300,496,12,8,19,9,
Mauritania,3359,0.0327,AFRO/Sub‐Saharan Africa,1,0.05,0.03,0.085,9505,6585,12929,433,240,748,159,*
Mauritius,1297,0.0125,AFRO/Sub‐Saharan Africa,0,0.0,0.0,0.001,0,0,19,0,0,0,1,*
Mayotte,199,0.0326,AFRO/Sub‐Saharan Africa,0,0.027,0.01,0.07,447,168,863,12,2,40,0,*
Mexico,110567,0.0185,AMRO/Americas,34,0.007,0.005,0.009,31120,23289,41145,641,422,975,105,**
"Micronesia, Federated States of",112,0.0242,WPRO/Southeast Asia,0,0.0,0.0,0.0,0,0,0,0,0,0,0,
"Moldova, Republic of",3538,0.0121,*/Eurasia,0,0.0,0.0,0.001,1,0,22,0,0,0,0,
Mongolia,2706,0.0227,WPRO/Eurasia,0,0.0,0.0,0.0,0,0,0,0,0,0,0,
Montenegro,654,0.012,EURO/Eurasia,0,0.005,0.002,0.012,72,16,226,1,0,4,0,*
Morocco,31943,0.0187,EMRO/Eurasia,0,0.003,0.001,0.008,3202,824,10051,40,6,215,118,
Mozambique,23418,0.0363,AFRO/Sub‐Saharan Africa,14,0.027,0.021,0.035,42588,34837,51562,1645,1193,2235,170,**
Myanmar,50503,0.0167,SEAR/Southeast Asia,6,0.0,0.0,0.0,40,5,222,0,0,1,0,
Namibia,2212,0.0252,AFRO/Sub‐Saharan Africa,8,0.01,0.006,0.015,1138,730,1806,30,17,55,10,*
Nepal,29950,0.0232,SEAR/Arab‐India,1,0.002,0.001,0.004,1558,357,4805,11,1,67,0,**
Netherlands,16649,0.0108,EURO/Eurasia,2,0.011,0.008,0.016,4759,3163,6819,82,43,149,10,**
Netherlands Antilles,201,0.0131,AMRO/Americas,2,0.023,0.016,0.032,150,105,203,4,2,6,9,*
New Caledonia,254,0.0159,WPRO/Southeast Asia,0,0.0,0.0,0.0,0,0,0,0,0,0,0,
New Zealand,4303,0.0143,WPRO/Southeast Asia,0,0.0,0.0,0.0,0,0,0,0,0,0,9,**
Nicaragua,5822,0.0228,AMRO/Americas,0,0.023,0.009,0.054,6514,2641,12964,204,53,576,4,*
Niger,15885,0.0477,AFRO/Sub‐Saharan Africa,7,0.08,0.058,0.111,90671,73050,109417,4965,3543,6894,6046,
Nigeria,158255,0.0393,AFRO/Sub‐Saharan Africa,24,0.171,0.153,0.192,1136909,1070320,1200907,85186,76413,94945,77192,
Norway,4856,0.0123,EURO/Eurasia,0,0.0,0.0,0.0,0,0,13,0,0,0,2,*
Oman,2962,0.0169,EMRO/Arab‐India,2,0.001,0.0,0.001,32,9,94,0,0,1,222,**
Pakistan,184754,0.0263,EMRO/Arab‐India,1,0.002,0.001,0.005,18962,7260,47537,228,53,892,101,
Panama,3508,0.0191,AMRO/Americas,3,0.03,0.019,0.046,4457,3053,6176,140,77,244,8,**
Papua New Guinea,6886,0.029,WPRO/Southeast Asia,1,0.0,0.0,0.0,0,0,0,0,0,0,0,
Paraguay,6462,0.0237,AMRO/Americas,0,0.003,0.001,0.006,664,178,2093,7,1,36,0,**
Peru,29493,0.0196,AMRO/Americas,10,0.0,0.0,0.0,2,0,22,0,0,0,25,**
Philippines,93617,0.0245,WPRO/Southeast Asia,0,0.0,0.0,0.0,0,0,0,0,0,0,0,
Poland,38049,0.0109,EURO/Eurasia,0,0.0,0.0,0.001,59,3,590,0,0,4,0,
Portugal,10229,0.0088,EURO/Eurasia,2,0.01,0.007,0.017,2170,1303,3598,41,19,90,3,**
Puerto Rico,3998,0.0129,AMRO/Americas,1,0.004,0.002,0.006,326,127,710,2,1,8,23,*
Qatar,1508,0.0116,EMRO/Arab‐India,0,0.032,0.015,0.068,1365,668,2262,41,12,104,7,*
Réunion,837,0.0169,*/,0,0.001,0.0,0.004,6,0,110,0,0,1,1,*
Romania,21209,0.0103,EURO/Eurasia,0,0.001,0.0,0.004,320,45,1500,2,0,21,0,*
Russian Federation,140324,0.0118,EURO/Eurasia,0,0.0,0.0,0.0,14,1,135,0,0,0,0,
Rwanda,10277,0.0406,AFRO/Sub‐Saharan Africa,2,0.023,0.018,0.029,22857,18400,28098,601,423,846,125,**
Saint Lucia,174,0.0169,AMRO/Americas,1,0.049,0.031,0.074,311,223,402,12,6,19,7,
Saint Vincent and the Grenadines,109,0.0164,AMRO/Americas,0,0.045,0.022,0.086,176,99,262,6,2,13,2,
Samoa,530,0.0237,WPRO/Southeast Asia,0,0.0,0.0,0.0,0,0,0,0,0,0,0,
Saudi Arabia,26207,0.0214,EMRO/Arab‐India,28,0.018,0.016,0.021,19447,17012,22221,691,572,842,5397,**
Sao Tome and Principe,165,0.0299,AFRO/Sub‐Saharan Africa,0,0.094,0.033,0.236,763,376,1132,41,12,92,49,
Senegal,12866,0.0359,AFRO/Sub‐Saharan Africa,20,0.067,0.054,0.082,53002,46123,60123,2535,1998,3163,1895,*
Serbia,9842,0.011,EURO/Eurasia,0,0.004,0.002,0.01,830,225,2417,10,1,49,0,**
Sierra Leone,5837,0.0365,AFRO/Sub‐Saharan Africa,0,0.164,0.108,0.24,39530,31971,47084,2838,1906,4018,3243,
Singapore,4777,0.0095,WPRO/Southeast Asia,1,0.0,0.0,0.0,0,0,0,0,0,0,0,
Slovakia,5406,0.0107,EURO/Eurasia,0,0.001,0.0,0.002,12,0,125,0,0,1,0,
Slovenia,2027,0.0099,EURO/Eurasia,0,0.001,0.0,0.005,22,2,176,0,0,2,0,
Solomon Islands,536,0.0304,WPRO/Southeast Asia,0,0.0,0.0,0.0,0,0,0,0,0,0,0,
Somalia,9359,0.043,EMRO/Sub‐Saharan Africa,2,0.002,0.001,0.005,1192,321,3777,13,2,69,0,*
South Africa,50523,0.0205,AFRO/Sub‐Saharan Africa,3,0.003,0.002,0.004,4946,2617,8872,73,28,177,0,**
Spain,45322,0.0106,EURO/Eurasia,4,0.007,0.004,0.012,7324,4253,12071,149,64,341,0,**
Sri Lanka,20410,0.017,SEAR/Arab‐India,28,0.001,0.001,0.002,425,295,590,2,1,3,0,**
Sudan,43182,0.0319,AFRO/Sub‐Saharan Africa,32,0.043,0.034,0.055,98244,84697,113554,4567,3527,5894,483,**
Suriname,524,0.0178,AMRO/Americas,0,0.03,0.013,0.066,653,300,1162,19,6,53,13,
Swaziland,1195,0.0287,AFRO/Sub‐Saharan Africa,0,0.006,0.003,0.01,398,173,813,4,1,13,1,
Sweden,9292,0.012,EURO/Eurasia,0,0.0,0.0,0.001,2,0,41,0,0,0,4,*
Switzerland,7597,0.01,EURO/Eurasia,0,0.004,0.002,0.011,622,145,1907,6,1,36,0,*
Syrian Arab Republic,22627,0.0219,EMRO/Eurasia,4,0.025,0.019,0.033,24448,19056,31267,901,664,1261,66,**
Tajikistan,7078,0.0277,EURO/Eurasia,0,0.0,0.0,0.0,0,0,6,0,0,0,0,
"Tanzania, United Republic of",45028,0.041,AFRO/Sub‐Saharan Africa,57,0.074,0.063,0.087,203747,185237,222866,11022,9327,12897,8655,*
Thailand,68141,0.0115,SEAR/Southeast Asia,0,0.0,0.0,0.0,0,0,10,0,0,0,0,
Timor‐Leste,1167,0.0376,SEAR/Southeast Asia,0,0.0,0.0,0.0,0,0,0,0,0,0,0,
Togo,6774,0.031,AFRO/Sub‐Saharan Africa,4,0.125,0.105,0.149,34057,31180,36958,2175,1846,2540,1746,*
Trinidad and Tobago,1344,0.0143,AMRO/Americas,1,0.038,0.026,0.056,1648,1207,2154,56,33,91,30,*
Tonga,104,0.0257,WPRO/Southeast Asia,0,0.0,0.0,0.0,0,0,0,0,0,0,0,
Tunisia,10374,0.0165,EMRO/Eurasia,12,0.011,0.009,0.013,4420,3623,5372,81,58,113,63,
Turkey,75699,0.0169,EURO/Eurasia,45,0.005,0.004,0.007,12852,9281,20051,330,248,526,116,**
Turkmenistan,5178,0.0212,EURO/Eurasia,0,0.0,0.0,0.001,4,0,54,0,0,0,0,
Uganda,33798,0.0439,AFRO/Sub‐Saharan Africa,11,0.082,0.067,0.1,189801,169157,210719,10143,8223,12325,8216,*
Ukraine,45454,0.0109,EURO/Eurasia,0,0.0,0.0,0.001,33,2,293,0,0,2,0,
United Arab Emirates,4647,0.0123,EMRO/Arab‐India,2,0.004,0.002,0.007,402,189,827,4,1,11,24,*
United Kingdom,61900,0.0121,EURO/Eurasia,4,0.009,0.007,0.013,15746,10982,21949,296,163,517,108,*
United States of America,317736,0.0137,AMRO/Americas,25,0.011,0.009,0.014,100150,82111,122520,2843,2038,3968,838,**
Uruguay,3373,0.0145,AMRO/Americas,0,0.001,0.001,0.003,82,26,231,1,0,3,0,**
Uzbekistan,27790,0.0208,EURO/Eurasia,0,0.0,0.0,0.0,1,0,24,0,0,0,0,
Vanuatu,246,0.0287,WPRO/Southeast Asia,0,0.0,0.0,0.0,0,0,0,0,0,0,0,
"Venezuela, Bolivarian Republic of",29044,0.0198,AMRO/Americas,40,0.014,0.012,0.017,19272,16150,22799,435,325,591,108,**
Viet Nam,89009,0.0159,WPRO/Southeast Asia,0,0.0,0.0,0.0,0,0,4,0,0,0,0,
"Virgin Islands, U.S.",109,0.0121,*/,0,0.008,0.004,0.018,25,8,59,0,0,1,4,*
Western Sahara,441,0.0213,*/,0,0.007,0.003,0.017,144,51,330,3,1,10,2,
Yemen,24325,0.0372,EMRO/Sub‐Saharan Africa,1,0.004,0.002,0.006,6411,3355,12043,80,29,207,119,
Zambia,13254,0.0465,AFRO/Sub‐Saharan Africa,11,0.112,0.095,0.133,88801,80963,96982,5652,4801,6632,3346,**
Zimbabwe,12645,0.0287,AFRO/Sub‐Saharan Africa,7,0.021,0.016,0.028,16345,12706,20982,483,326,704,162,**
