search_id	corpus_id	database	query	executed_at	candidate_id	decision	decision_reason	manifest_version
pubmed:1b4655ae01fb68274fad8eff9541aa0bd68d1cf62a2e4f0d6338b818b2bbfca1	hbs-newborn-external	pubmed	"(""sickle cell""[Title] OR ""hemoglobin S""[Title] OR ""haemoglobin S""[Title] OR HbS[Title] OR hemoglobinopathies[Title] OR haemoglobinopathies[Title]) AND (newborn[Title] OR neonatal[Title]) AND (""2014/01/01""[Date - Publication] : ""2026/09/11""[Date - Publication])"	2026-09-11T11:44:52Z	pmid:23813300	pending		hbs-newborn-external@2026-09-11.1
pubmed:1b4655ae01fb68274fad8eff9541aa0bd68d1cf62a2e4f0d6338b818b2bbfca1	hbs-newborn-external	pubmed	"(""sickle cell""[Title] OR ""hemoglobin S""[Title] OR ""haemoglobin S""[Title] OR HbS[Title] OR hemoglobinopathies[Title] OR haemoglobinopathies[Title]) AND (newborn[Title] OR neonatal[Title]) AND (""2014/01/01""[Date - Publication] : ""2026/09/11""[Date - Publication])"	2026-09-11T11:44:52Z	pmid:24037477	pending		hbs-newborn-external@2026-09-11.1
pubmed:1b4655ae01fb68274fad8eff9541aa0bd68d1cf62a2e4f0d6338b818b2bbfca1	hbs-newborn-external	pubmed	"(""sickle cell""[Title] OR ""hemoglobin S""[Title] OR ""haemoglobin S""[Title] OR HbS[Title] OR hemoglobinopathies[Title] OR haemoglobinopathies[Title]) AND (newborn[Title] OR neonatal[Title]) AND (""2014/01/01""[Date - Publication] : ""2026/09/11""[Date - Publication])"	2026-09-11T11:44:52Z	pmid:24038856	pending		hbs-newborn-external@2026-09-11.1
pubmed:1b4655ae01fb68274fad8eff9541aa0bd68d1cf62a2e4f0d6338b818b2bbfca1	hbs-newborn-external	pubmed	"(""sickle cell""[Title] OR ""hemoglobin S""[Title] OR ""haemoglobin S""[Title] OR HbS[Title] OR hemoglobinopathies[Title] OR haemoglobinopathies[Title]) AND (newborn[Title] OR neonatal[Title]) AND (""2014/01/01""[Date - Publication] : ""2026/09/11""[Date - Publication])"	2026-09-11T11:44:52Z	pmid:24095765	pending		hbs-newborn-external@2026-09-11.1
pubmed:1b4655ae01fb68274fad8eff9541aa0bd68d1cf62a2e4f0d6338b818b2bbfca1	hbs-newborn-external	pubmed	"(""sickle cell""[Title] OR ""hemoglobin S""[Title] OR ""haemoglobin S""[Title] OR HbS[Title] OR hemoglobinopathies[Title] OR haemoglobinopathies[Title]) AND (newborn[Title] OR neonatal[Title]) AND (""2014/01/01""[Date - Publication] : ""2026/09/11""[Date - Publication])"	2026-09-11T11:44:52Z	pmid:24158758	pending		hbs-newborn-external@2026-09-11.1
pubmed:1b4655ae01fb68274fad8eff9541aa0bd68d1cf62a2e4f0d6338b818b2bbfca1	hbs-newborn-external	pubmed	"(""sickle cell""[Title] OR ""hemoglobin S""[Title] OR ""haemoglobin S""[Title] OR HbS[Title] OR hemoglobinopathies[Title] OR haemoglobinopathies[Title]) AND (newborn[Title] OR neonatal[Title]) AND (""2014/01/01""[Date - Publication] : ""2026/09/11""[Date - Publication])"	2026-09-11T11:44:52Z	pmid:24216604	pending		hbs-newborn-external@2026-09-11.1
pubmed:1b4655ae01fb68274fad8eff9541aa0bd68d1cf62a2e4f0d6338b818b2bbfca1	hbs-newborn-external	pubmed	"(""sickle cell""[Title] OR ""hemoglobin S""[Title] OR ""haemoglobin S""[Title] OR HbS[Title] OR hemoglobinopathies[Title] OR haemoglobinopathies[Title]) AND (newborn[Title] OR neonatal[Title]) AND (""2014/01/01""[Date - Publication] : ""2026/09/11""[Date - Publication])"	2026-09-11T11:44:52Z	pmid:24306142	pending		hbs-newborn-external@2026-09-11.1
pubmed:1b4655ae01fb68274fad8eff9541aa0bd68d1cf62a2e4f0d6338b818b2bbfca1	hbs-newborn-external	pubmed	"(""sickle cell""[Title] OR ""hemoglobin S""[Title] OR ""haemoglobin S""[Title] OR HbS[Title] OR hemoglobinopathies[Title] OR haemoglobinopathies[Title]) AND (newborn[Title] OR neonatal[Title]) AND (""2014/01/01""[Date - Publication] : ""2026/09/11""[Date - Publication])"	2026-09-11T11:44:52Z	pmid:24624030	pending		hbs-newborn-external@2026-09-11.1
pubmed:1b4655ae01fb68274fad8eff9541aa0bd68d1cf62a2e4f0d6338b818b2bbfca1	hbs-newborn-external	pubmed	"(""sickle cell""[Title] OR ""hemoglobin S""[Title] OR ""haemoglobin S""[Title] OR HbS[Title] OR hemoglobinopathies[Title] OR haemoglobinopathies[Title]) AND (newborn[Title] OR neonatal[Title]) AND (""2014/01/01""[Date - Publication] : ""2026/09/11""[Date - Publication])"	2026-09-11T11:44:52Z	pmid:24840253	pending		hbs-newborn-external@2026-09-11.1
pubmed:1b4655ae01fb68274fad8eff9541aa0bd68d1cf62a2e4f0d6338b818b2bbfca1	hbs-newborn-external	pubmed	"(""sickle cell""[Title] OR ""hemoglobin S""[Title] OR ""haemoglobin S""[Title] OR HbS[Title] OR hemoglobinopathies[Title] OR haemoglobinopathies[Title]) AND (newborn[Title] OR neonatal[Title]) AND (""2014/01/01""[Date - Publication] : ""2026/09/11""[Date - Publication])"	2026-09-11T11:44:52Z	pmid:24891147	pending		hbs-newborn-external@2026-09-11.1
pubmed:1b4655ae01fb68274fad8eff9541aa0bd68d1cf62a2e4f0d6338b818b2bbfca1	hbs-newborn-external	pubmed	"(""sickle cell""[Title] OR ""hemoglobin S""[Title] OR ""haemoglobin S""[Title] OR HbS[Title] OR hemoglobinopathies[Title] OR haemoglobinopathies[Title]) AND (newborn[Title] OR neonatal[Title]) AND (""2014/01/01""[Date - Publication] : ""2026/09/11""[Date - Publication])"	2026-09-11T11:44:52Z	pmid:24978900	pending		hbs-newborn-external@2026-09-11.1
pubmed:1b4655ae01fb68274fad8eff9541aa0bd68d1cf62a2e4f0d6338b818b2bbfca1	hbs-newborn-external	pubmed	"(""sickle cell""[Title] OR ""hemoglobin S""[Title] OR ""haemoglobin S""[Title] OR HbS[Title] OR hemoglobinopathies[Title] OR haemoglobinopathies[Title]) AND (newborn[Title] OR neonatal[Title]) AND (""2014/01/01""[Date - Publication] : ""2026/09/11""[Date - Publication])"	2026-09-11T11:44:52Z	pmid:25005733	pending		hbs-newborn-external@2026-09-11.1
pubmed:1b4655ae01fb68274fad8eff9541aa0bd68d1cf62a2e4f0d6338b818b2bbfca1	hbs-newborn-external	pubmed	"(""sickle cell""[Title] OR ""hemoglobin S""[Title] OR ""haemoglobin S""[Title] OR HbS[Title] OR hemoglobinopathies[Title] OR haemoglobinopathies[Title]) AND (newborn[Title] OR neonatal[Title]) AND (""2014/01/01""[Date - Publication] : ""2026/09/11""[Date - Publication])"	2026-09-11T11:44:52Z	pmid:25031161	pending		hbs-newborn-external@2026-09-11.1
pubmed:1b4655ae01fb68274fad8eff9541aa0bd68d1cf62a2e4f0d6338b818b2bbfca1	hbs-newborn-external	pubmed	"(""sickle cell""[Title] OR ""hemoglobin S""[Title] OR ""haemoglobin S""[Title] OR HbS[Title] OR hemoglobinopathies[Title] OR haemoglobinopathies[Title]) AND (newborn[Title] OR neonatal[Title]) AND (""2014/01/01""[Date - Publication] : ""2026/09/11""[Date - Publication])"	2026-09-11T11:44:52Z	pmid:25031163	pending		hbs-newborn-external@2026-09-11.1
pubmed:1b4655ae01fb68274fad8eff9541aa0bd68d1cf62a2e4f0d6338b818b2bbfca1	hbs-newborn-external	pubmed	"(""sickle cell""[Title] OR ""hemoglobin S""[Title] OR ""haemoglobin S""[Title] OR HbS[Title] OR hemoglobinopathies[Title] OR haemoglobinopathies[Title]) AND (newborn[Title] OR neonatal[Title]) AND (""2014/01/01""[Date - Publication] : ""2026/09/11""[Date - Publication])"	2026-09-11T11:44:52Z	pmid:25147811	pending		hbs-newborn-external@2026-09-11.1
pubmed:1b4655ae01fb68274fad8eff9541aa0bd68d1cf62a2e4f0d6338b818b2bbfca1	hbs-newborn-external	pubmed	"(""sickle cell""[Title] OR ""hemoglobin S""[Title] OR ""haemoglobin S""[Title] OR HbS[Title] OR hemoglobinopathies[Title] OR haemoglobinopathies[Title]) AND (newborn[Title] OR neonatal[Title]) AND (""2014/01/01""[Date - Publication] : ""2026/09/11""[Date - Publication])"	2026-09-11T11:44:52Z	pmid:25175566	pending		hbs-newborn-external@2026-09-11.1
pubmed:1b4655ae01fb68274fad8eff9541aa0bd68d1cf62a2e4f0d6338b818b2bbfca1	hbs-newborn-external	pubmed	"(""sickle cell""[Title] OR ""hemoglobin S""[Title] OR ""haemoglobin S""[Title] OR HbS[Title] OR hemoglobinopathies[Title] OR haemoglobinopathies[Title]) AND (newborn[Title] OR neonatal[Title]) AND (""2014/01/01""[Date - Publication] : ""2026/09/11""[Date - Publication])"	2026-09-11T11:44:52Z	pmid:25255366	pending		hbs-newborn-external@2026-09-11.1
pubmed:1b4655ae01fb68274fad8eff9541aa0bd68d1cf62a2e4f0d6338b818b2bbfca1	hbs-newborn-external	pubmed	"(""sickle cell""[Title] OR ""hemoglobin S""[Title] OR ""haemoglobin S""[Title] OR HbS[Title] OR hemoglobinopathies[Title] OR haemoglobinopathies[Title]) AND (newborn[Title] OR neonatal[Title]) AND (""2014/01/01""[Date - Publication] : ""2026/09/11""[Date - Publication])"	2026-09-11T11:44:52Z	pmid:25303249	pending		hbs-newborn-external@2026-09-11.1
pubmed:1b4655ae01fb68274fad8eff9541aa0bd68d1cf62a2e4f0d6338b818b2bbfca1	hbs-newborn-external	pubmed	"(""sickle cell""[Title] OR ""hemoglobin S""[Title] OR ""haemoglobin S""[Title] OR HbS[Title] OR hemoglobinopathies[Title] OR haemoglobinopathies[Title]) AND (newborn[Title] OR neonatal[Title]) AND (""2014/01/01""[Date - Publication] : ""2026/09/11""[Date - Publication])"	2026-09-11T11:44:52Z	pmid:25341880	pending		hbs-newborn-external@2026-09-11.1
pubmed:1b4655ae01fb68274fad8eff9541aa0bd68d1cf62a2e4f0d6338b818b2bbfca1	hbs-newborn-external	pubmed	"(""sickle cell""[Title] OR ""hemoglobin S""[Title] OR ""haemoglobin S""[Title] OR HbS[Title] OR hemoglobinopathies[Title] OR haemoglobinopathies[Title]) AND (newborn[Title] OR neonatal[Title]) AND (""2014/01/01""[Date - Publication] : ""2026/09/11""[Date - Publication])"	2026-09-11T11:44:52Z	pmid:25449790	pending		hbs-newborn-external@2026-09-11.1
pubmed:1b4655ae01fb68274fad8eff9541aa0bd68d1cf62a2e4f0d6338b818b2bbfca1	hbs-newborn-external	pubmed	"(""sickle cell""[Title] OR ""hemoglobin S""[Title] OR ""haemoglobin S""[Title] OR HbS[Title] OR hemoglobinopathies[Title] OR haemoglobinopathies[Title]) AND (newborn[Title] OR neonatal[Title]) AND (""2014/01/01""[Date - Publication] : ""2026/09/11""[Date - Publication])"	2026-09-11T11:44:52Z	pmid:25623728	pending		hbs-newborn-external@2026-09-11.1
pubmed:1b4655ae01fb68274fad8eff9541aa0bd68d1cf62a2e4f0d6338b818b2bbfca1	hbs-newborn-external	pubmed	"(""sickle cell""[Title] OR ""hemoglobin S""[Title] OR ""haemoglobin S""[Title] OR HbS[Title] OR hemoglobinopathies[Title] OR haemoglobinopathies[Title]) AND (newborn[Title] OR neonatal[Title]) AND (""2014/01/01""[Date - Publication] : ""2026/09/11""[Date - Publication])"	2026-09-11T11:44:52Z	pmid:25638761	pending		hbs-newborn-external@2026-09-11.1
pubmed:1b4655ae01fb68274fad8eff9541aa0bd68d1cf62a2e4f0d6338b818b2bbfca1	hbs-newborn-external	pubmed	"(""sickle cell""[Title] OR ""hemoglobin S""[Title] OR ""haemoglobin S""[Title] OR HbS[Title] OR hemoglobinopathies[Title] OR haemoglobinopathies[Title]) AND (newborn[Title] OR neonatal[Title]) AND (""2014/01/01""[Date - Publication] : ""2026/09/11""[Date - Publication])"	2026-09-11T11:44:52Z	pmid:25651745	pending		hbs-newborn-external@2026-09-11.1
pubmed:1b4655ae01fb68274fad8eff9541aa0bd68d1cf62a2e4f0d6338b818b2bbfca1	hbs-newborn-external	pubmed	"(""sickle cell""[Title] OR ""hemoglobin S""[Title] OR ""haemoglobin S""[Title] OR HbS[Title] OR hemoglobinopathies[Title] OR haemoglobinopathies[Title]) AND (newborn[Title] OR neonatal[Title]) AND (""2014/01/01""[Date - Publication] : ""2026/09/11""[Date - Publication])"	2026-09-11T11:44:52Z	pmid:25662563	pending		hbs-newborn-external@2026-09-11.1
pubmed:1b4655ae01fb68274fad8eff9541aa0bd68d1cf62a2e4f0d6338b818b2bbfca1	hbs-newborn-external	pubmed	"(""sickle cell""[Title] OR ""hemoglobin S""[Title] OR ""haemoglobin S""[Title] OR HbS[Title] OR hemoglobinopathies[Title] OR haemoglobinopathies[Title]) AND (newborn[Title] OR neonatal[Title]) AND (""2014/01/01""[Date - Publication] : ""2026/09/11""[Date - Publication])"	2026-09-11T11:44:52Z	pmid:25666887	pending		hbs-newborn-external@2026-09-11.1
pubmed:1b4655ae01fb68274fad8eff9541aa0bd68d1cf62a2e4f0d6338b818b2bbfca1	hbs-newborn-external	pubmed	"(""sickle cell""[Title] OR ""hemoglobin S""[Title] OR ""haemoglobin S""[Title] OR HbS[Title] OR hemoglobinopathies[Title] OR haemoglobinopathies[Title]) AND (newborn[Title] OR neonatal[Title]) AND (""2014/01/01""[Date - Publication] : ""2026/09/11""[Date - Publication])"	2026-09-11T11:44:52Z	pmid:25803954	pending		hbs-newborn-external@2026-09-11.1
pubmed:1b4655ae01fb68274fad8eff9541aa0bd68d1cf62a2e4f0d6338b818b2bbfca1	hbs-newborn-external	pubmed	"(""sickle cell""[Title] OR ""hemoglobin S""[Title] OR ""haemoglobin S""[Title] OR HbS[Title] OR hemoglobinopathies[Title] OR haemoglobinopathies[Title]) AND (newborn[Title] OR neonatal[Title]) AND (""2014/01/01""[Date - Publication] : ""2026/09/11""[Date - Publication])"	2026-09-11T11:44:52Z	pmid:25842198	pending		hbs-newborn-external@2026-09-11.1
pubmed:1b4655ae01fb68274fad8eff9541aa0bd68d1cf62a2e4f0d6338b818b2bbfca1	hbs-newborn-external	pubmed	"(""sickle cell""[Title] OR ""hemoglobin S""[Title] OR ""haemoglobin S""[Title] OR HbS[Title] OR hemoglobinopathies[Title] OR haemoglobinopathies[Title]) AND (newborn[Title] OR neonatal[Title]) AND (""2014/01/01""[Date - Publication] : ""2026/09/11""[Date - Publication])"	2026-09-11T11:44:52Z	pmid:25979783	pending		hbs-newborn-external@2026-09-11.1
pubmed:1b4655ae01fb68274fad8eff9541aa0bd68d1cf62a2e4f0d6338b818b2bbfca1	hbs-newborn-external	pubmed	"(""sickle cell""[Title] OR ""hemoglobin S""[Title] OR ""haemoglobin S""[Title] OR HbS[Title] OR hemoglobinopathies[Title] OR haemoglobinopathies[Title]) AND (newborn[Title] OR neonatal[Title]) AND (""2014/01/01""[Date - Publication] : ""2026/09/11""[Date - Publication])"	2026-09-11T11:44:52Z	pmid:26275168	pending		hbs-newborn-external@2026-09-11.1
pubmed:1b4655ae01fb68274fad8eff9541aa0bd68d1cf62a2e4f0d6338b818b2bbfca1	hbs-newborn-external	pubmed	"(""sickle cell""[Title] OR ""hemoglobin S""[Title] OR ""haemoglobin S""[Title] OR HbS[Title] OR hemoglobinopathies[Title] OR haemoglobinopathies[Title]) AND (newborn[Title] OR neonatal[Title]) AND (""2014/01/01""[Date - Publication] : ""2026/09/11""[Date - Publication])"	2026-09-11T11:44:52Z	pmid:26337355	pending		hbs-newborn-external@2026-09-11.1
pubmed:1b4655ae01fb68274fad8eff9541aa0bd68d1cf62a2e4f0d6338b818b2bbfca1	hbs-newborn-external	pubmed	"(""sickle cell""[Title] OR ""hemoglobin S""[Title] OR ""haemoglobin S""[Title] OR HbS[Title] OR hemoglobinopathies[Title] OR haemoglobinopathies[Title]) AND (newborn[Title] OR neonatal[Title]) AND (""2014/01/01""[Date - Publication] : ""2026/09/11""[Date - Publication])"	2026-09-11T11:44:52Z	pmid:26477868	pending		hbs-newborn-external@2026-09-11.1
pubmed:1b4655ae01fb68274fad8eff9541aa0bd68d1cf62a2e4f0d6338b818b2bbfca1	hbs-newborn-external	pubmed	"(""sickle cell""[Title] OR ""hemoglobin S""[Title] OR ""haemoglobin S""[Title] OR HbS[Title] OR hemoglobinopathies[Title] OR haemoglobinopathies[Title]) AND (newborn[Title] OR neonatal[Title]) AND (""2014/01/01""[Date - Publication] : ""2026/09/11""[Date - Publication])"	2026-09-11T11:44:52Z	pmid:26658910	pending		hbs-newborn-external@2026-09-11.1
pubmed:1b4655ae01fb68274fad8eff9541aa0bd68d1cf62a2e4f0d6338b818b2bbfca1	hbs-newborn-external	pubmed	"(""sickle cell""[Title] OR ""hemoglobin S""[Title] OR ""haemoglobin S""[Title] OR HbS[Title] OR hemoglobinopathies[Title] OR haemoglobinopathies[Title]) AND (newborn[Title] OR neonatal[Title]) AND (""2014/01/01""[Date - Publication] : ""2026/09/11""[Date - Publication])"	2026-09-11T11:44:52Z	pmid:26728571	pending		hbs-newborn-external@2026-09-11.1
pubmed:1b4655ae01fb68274fad8eff9541aa0bd68d1cf62a2e4f0d6338b818b2bbfca1	hbs-newborn-external	pubmed	"(""sickle cell""[Title] OR ""hemoglobin S""[Title] OR ""haemoglobin S""[Title] OR HbS[Title] OR hemoglobinopathies[Title] OR haemoglobinopathies[Title]) AND (newborn[Title] OR neonatal[Title]) AND (""2014/01/01""[Date - Publication] : ""2026/09/11""[Date - Publication])"	2026-09-11T11:44:52Z	pmid:26739520	pending		hbs-newborn-external@2026-09-11.1
pubmed:1b4655ae01fb68274fad8eff9541aa0bd68d1cf62a2e4f0d6338b818b2bbfca1	hbs-newborn-external	pubmed	"(""sickle cell""[Title] OR ""hemoglobin S""[Title] OR ""haemoglobin S""[Title] OR HbS[Title] OR hemoglobinopathies[Title] OR haemoglobinopathies[Title]) AND (newborn[Title] OR neonatal[Title]) AND (""2014/01/01""[Date - Publication] : ""2026/09/11""[Date - Publication])"	2026-09-11T11:44:52Z	pmid:26744151	pending		hbs-newborn-external@2026-09-11.1
pubmed:1b4655ae01fb68274fad8eff9541aa0bd68d1cf62a2e4f0d6338b818b2bbfca1	hbs-newborn-external	pubmed	"(""sickle cell""[Title] OR ""hemoglobin S""[Title] OR ""haemoglobin S""[Title] OR HbS[Title] OR hemoglobinopathies[Title] OR haemoglobinopathies[Title]) AND (newborn[Title] OR neonatal[Title]) AND (""2014/01/01""[Date - Publication] : ""2026/09/11""[Date - Publication])"	2026-09-11T11:44:52Z	pmid:26744158	pending		hbs-newborn-external@2026-09-11.1
pubmed:1b4655ae01fb68274fad8eff9541aa0bd68d1cf62a2e4f0d6338b818b2bbfca1	hbs-newborn-external	pubmed	"(""sickle cell""[Title] OR ""hemoglobin S""[Title] OR ""haemoglobin S""[Title] OR HbS[Title] OR hemoglobinopathies[Title] OR haemoglobinopathies[Title]) AND (newborn[Title] OR neonatal[Title]) AND (""2014/01/01""[Date - Publication] : ""2026/09/11""[Date - Publication])"	2026-09-11T11:44:52Z	pmid:26785407	pending		hbs-newborn-external@2026-09-11.1
pubmed:1b4655ae01fb68274fad8eff9541aa0bd68d1cf62a2e4f0d6338b818b2bbfca1	hbs-newborn-external	pubmed	"(""sickle cell""[Title] OR ""hemoglobin S""[Title] OR ""haemoglobin S""[Title] OR HbS[Title] OR hemoglobinopathies[Title] OR haemoglobinopathies[Title]) AND (newborn[Title] OR neonatal[Title]) AND (""2014/01/01""[Date - Publication] : ""2026/09/11""[Date - Publication])"	2026-09-11T11:44:52Z	pmid:26799428	pending		hbs-newborn-external@2026-09-11.1
pubmed:1b4655ae01fb68274fad8eff9541aa0bd68d1cf62a2e4f0d6338b818b2bbfca1	hbs-newborn-external	pubmed	"(""sickle cell""[Title] OR ""hemoglobin S""[Title] OR ""haemoglobin S""[Title] OR HbS[Title] OR hemoglobinopathies[Title] OR haemoglobinopathies[Title]) AND (newborn[Title] OR neonatal[Title]) AND (""2014/01/01""[Date - Publication] : ""2026/09/11""[Date - Publication])"	2026-09-11T11:44:52Z	pmid:26893209	pending		hbs-newborn-external@2026-09-11.1
pubmed:1b4655ae01fb68274fad8eff9541aa0bd68d1cf62a2e4f0d6338b818b2bbfca1	hbs-newborn-external	pubmed	"(""sickle cell""[Title] OR ""hemoglobin S""[Title] OR ""haemoglobin S""[Title] OR HbS[Title] OR hemoglobinopathies[Title] OR haemoglobinopathies[Title]) AND (newborn[Title] OR neonatal[Title]) AND (""2014/01/01""[Date - Publication] : ""2026/09/11""[Date - Publication])"	2026-09-11T11:44:52Z	pmid:26901597	pending		hbs-newborn-external@2026-09-11.1
pubmed:1b4655ae01fb68274fad8eff9541aa0bd68d1cf62a2e4f0d6338b818b2bbfca1	hbs-newborn-external	pubmed	"(""sickle cell""[Title] OR ""hemoglobin S""[Title] OR ""haemoglobin S""[Title] OR HbS[Title] OR hemoglobinopathies[Title] OR haemoglobinopathies[Title]) AND (newborn[Title] OR neonatal[Title]) AND (""2014/01/01""[Date - Publication] : ""2026/09/11""[Date - Publication])"	2026-09-11T11:44:52Z	pmid:27008075	pending		hbs-newborn-external@2026-09-11.1
pubmed:1b4655ae01fb68274fad8eff9541aa0bd68d1cf62a2e4f0d6338b818b2bbfca1	hbs-newborn-external	pubmed	"(""sickle cell""[Title] OR ""hemoglobin S""[Title] OR ""haemoglobin S""[Title] OR HbS[Title] OR hemoglobinopathies[Title] OR haemoglobinopathies[Title]) AND (newborn[Title] OR neonatal[Title]) AND (""2014/01/01""[Date - Publication] : ""2026/09/11""[Date - Publication])"	2026-09-11T11:44:52Z	pmid:27098418	pending		hbs-newborn-external@2026-09-11.1
pubmed:1b4655ae01fb68274fad8eff9541aa0bd68d1cf62a2e4f0d6338b818b2bbfca1	hbs-newborn-external	pubmed	"(""sickle cell""[Title] OR ""hemoglobin S""[Title] OR ""haemoglobin S""[Title] OR HbS[Title] OR hemoglobinopathies[Title] OR haemoglobinopathies[Title]) AND (newborn[Title] OR neonatal[Title]) AND (""2014/01/01""[Date - Publication] : ""2026/09/11""[Date - Publication])"	2026-09-11T11:44:52Z	pmid:27208574	pending		hbs-newborn-external@2026-09-11.1
pubmed:1b4655ae01fb68274fad8eff9541aa0bd68d1cf62a2e4f0d6338b818b2bbfca1	hbs-newborn-external	pubmed	"(""sickle cell""[Title] OR ""hemoglobin S""[Title] OR ""haemoglobin S""[Title] OR HbS[Title] OR hemoglobinopathies[Title] OR haemoglobinopathies[Title]) AND (newborn[Title] OR neonatal[Title]) AND (""2014/01/01""[Date - Publication] : ""2026/09/11""[Date - Publication])"	2026-09-11T11:44:52Z	pmid:27320464	pending		hbs-newborn-external@2026-09-11.1
pubmed:1b4655ae01fb68274fad8eff9541aa0bd68d1cf62a2e4f0d6338b818b2bbfca1	hbs-newborn-external	pubmed	"(""sickle cell""[Title] OR ""hemoglobin S""[Title] OR ""haemoglobin S""[Title] OR HbS[Title] OR hemoglobinopathies[Title] OR haemoglobinopathies[Title]) AND (newborn[Title] OR neonatal[Title]) AND (""2014/01/01""[Date - Publication] : ""2026/09/11""[Date - Publication])"	2026-09-11T11:44:52Z	pmid:27336011	pending		hbs-newborn-external@2026-09-11.1
pubmed:1b4655ae01fb68274fad8eff9541aa0bd68d1cf62a2e4f0d6338b818b2bbfca1	hbs-newborn-external	pubmed	"(""sickle cell""[Title] OR ""hemoglobin S""[Title] OR ""haemoglobin S""[Title] OR HbS[Title] OR hemoglobinopathies[Title] OR haemoglobinopathies[Title]) AND (newborn[Title] OR neonatal[Title]) AND (""2014/01/01""[Date - Publication] : ""2026/09/11""[Date - Publication])"	2026-09-11T11:44:52Z	pmid:27461265	pending		hbs-newborn-external@2026-09-11.1
pubmed:1b4655ae01fb68274fad8eff9541aa0bd68d1cf62a2e4f0d6338b818b2bbfca1	hbs-newborn-external	pubmed	"(""sickle cell""[Title] OR ""hemoglobin S""[Title] OR ""haemoglobin S""[Title] OR HbS[Title] OR hemoglobinopathies[Title] OR haemoglobinopathies[Title]) AND (newborn[Title] OR neonatal[Title]) AND (""2014/01/01""[Date - Publication] : ""2026/09/11""[Date - Publication])"	2026-09-11T11:44:52Z	pmid:27520094	pending		hbs-newborn-external@2026-09-11.1
pubmed:1b4655ae01fb68274fad8eff9541aa0bd68d1cf62a2e4f0d6338b818b2bbfca1	hbs-newborn-external	pubmed	"(""sickle cell""[Title] OR ""hemoglobin S""[Title] OR ""haemoglobin S""[Title] OR HbS[Title] OR hemoglobinopathies[Title] OR haemoglobinopathies[Title]) AND (newborn[Title] OR neonatal[Title]) AND (""2014/01/01""[Date - Publication] : ""2026/09/11""[Date - Publication])"	2026-09-11T11:44:52Z	pmid:27614873	pending		hbs-newborn-external@2026-09-11.1
pubmed:1b4655ae01fb68274fad8eff9541aa0bd68d1cf62a2e4f0d6338b818b2bbfca1	hbs-newborn-external	pubmed	"(""sickle cell""[Title] OR ""hemoglobin S""[Title] OR ""haemoglobin S""[Title] OR HbS[Title] OR hemoglobinopathies[Title] OR haemoglobinopathies[Title]) AND (newborn[Title] OR neonatal[Title]) AND (""2014/01/01""[Date - Publication] : ""2026/09/11""[Date - Publication])"	2026-09-11T11:44:52Z	pmid:27763632	pending		hbs-newborn-external@2026-09-11.1
pubmed:1b4655ae01fb68274fad8eff9541aa0bd68d1cf62a2e4f0d6338b818b2bbfca1	hbs-newborn-external	pubmed	"(""sickle cell""[Title] OR ""hemoglobin S""[Title] OR ""haemoglobin S""[Title] OR HbS[Title] OR hemoglobinopathies[Title] OR haemoglobinopathies[Title]) AND (newborn[Title] OR neonatal[Title]) AND (""2014/01/01""[Date - Publication] : ""2026/09/11""[Date - Publication])"	2026-09-11T11:44:52Z	pmid:27796853	pending		hbs-newborn-external@2026-09-11.1
pubmed:1b4655ae01fb68274fad8eff9541aa0bd68d1cf62a2e4f0d6338b818b2bbfca1	hbs-newborn-external	pubmed	"(""sickle cell""[Title] OR ""hemoglobin S""[Title] OR ""haemoglobin S""[Title] OR HbS[Title] OR hemoglobinopathies[Title] OR haemoglobinopathies[Title]) AND (newborn[Title] OR neonatal[Title]) AND (""2014/01/01""[Date - Publication] : ""2026/09/11""[Date - Publication])"	2026-09-11T11:44:52Z	pmid:28170418	pending		hbs-newborn-external@2026-09-11.1
pubmed:1b4655ae01fb68274fad8eff9541aa0bd68d1cf62a2e4f0d6338b818b2bbfca1	hbs-newborn-external	pubmed	"(""sickle cell""[Title] OR ""hemoglobin S""[Title] OR ""haemoglobin S""[Title] OR HbS[Title] OR hemoglobinopathies[Title] OR haemoglobinopathies[Title]) AND (newborn[Title] OR neonatal[Title]) AND (""2014/01/01""[Date - Publication] : ""2026/09/11""[Date - Publication])"	2026-09-11T11:44:52Z	pmid:28577646	pending		hbs-newborn-external@2026-09-11.1
pubmed:1b4655ae01fb68274fad8eff9541aa0bd68d1cf62a2e4f0d6338b818b2bbfca1	hbs-newborn-external	pubmed	"(""sickle cell""[Title] OR ""hemoglobin S""[Title] OR ""haemoglobin S""[Title] OR HbS[Title] OR hemoglobinopathies[Title] OR haemoglobinopathies[Title]) AND (newborn[Title] OR neonatal[Title]) AND (""2014/01/01""[Date - Publication] : ""2026/09/11""[Date - Publication])"	2026-09-11T11:44:52Z	pmid:28656815	pending		hbs-newborn-external@2026-09-11.1
pubmed:1b4655ae01fb68274fad8eff9541aa0bd68d1cf62a2e4f0d6338b818b2bbfca1	hbs-newborn-external	pubmed	"(""sickle cell""[Title] OR ""hemoglobin S""[Title] OR ""haemoglobin S""[Title] OR HbS[Title] OR hemoglobinopathies[Title] OR haemoglobinopathies[Title]) AND (newborn[Title] OR neonatal[Title]) AND (""2014/01/01""[Date - Publication] : ""2026/09/11""[Date - Publication])"	2026-09-11T11:44:52Z	pmid:28686106	pending		hbs-newborn-external@2026-09-11.1
pubmed:1b4655ae01fb68274fad8eff9541aa0bd68d1cf62a2e4f0d6338b818b2bbfca1	hbs-newborn-external	pubmed	"(""sickle cell""[Title] OR ""hemoglobin S""[Title] OR ""haemoglobin S""[Title] OR HbS[Title] OR hemoglobinopathies[Title] OR haemoglobinopathies[Title]) AND (newborn[Title] OR neonatal[Title]) AND (""2014/01/01""[Date - Publication] : ""2026/09/11""[Date - Publication])"	2026-09-11T11:44:52Z	pmid:28870138	pending		hbs-newborn-external@2026-09-11.1
pubmed:1b4655ae01fb68274fad8eff9541aa0bd68d1cf62a2e4f0d6338b818b2bbfca1	hbs-newborn-external	pubmed	"(""sickle cell""[Title] OR ""hemoglobin S""[Title] OR ""haemoglobin S""[Title] OR HbS[Title] OR hemoglobinopathies[Title] OR haemoglobinopathies[Title]) AND (newborn[Title] OR neonatal[Title]) AND (""2014/01/01""[Date - Publication] : ""2026/09/11""[Date - Publication])"	2026-09-11T11:44:52Z	pmid:29104181	pending		hbs-newborn-external@2026-09-11.1
pubmed:1b4655ae01fb68274fad8eff9541aa0bd68d1cf62a2e4f0d6338b818b2bbfca1	hbs-newborn-external	pubmed	"(""sickle cell""[Title] OR ""hemoglobin S""[Title] OR ""haemoglobin S""[Title] OR HbS[Title] OR hemoglobinopathies[Title] OR haemoglobinopathies[Title]) AND (newborn[Title] OR neonatal[Title]) AND (""2014/01/01""[Date - Publication] : ""2026/09/11""[Date - Publication])"	2026-09-11T11:44:52Z	pmid:29147675	pending		hbs-newborn-external@2026-09-11.1
pubmed:1b4655ae01fb68274fad8eff9541aa0bd68d1cf62a2e4f0d6338b818b2bbfca1	hbs-newborn-external	pubmed	"(""sickle cell""[Title] OR ""hemoglobin S""[Title] OR ""haemoglobin S""[Title] OR HbS[Title] OR hemoglobinopathies[Title] OR haemoglobinopathies[Title]) AND (newborn[Title] OR neonatal[Title]) AND (""2014/01/01""[Date - Publication] : ""2026/09/11""[Date - Publication])"	2026-09-11T11:44:52Z	pmid:29223211	pending		hbs-newborn-external@2026-09-11.1
pubmed:1b4655ae01fb68274fad8eff9541aa0bd68d1cf62a2e4f0d6338b818b2bbfca1	hbs-newborn-external	pubmed	"(""sickle cell""[Title] OR ""hemoglobin S""[Title] OR ""haemoglobin S""[Title] OR HbS[Title] OR hemoglobinopathies[Title] OR haemoglobinopathies[Title]) AND (newborn[Title] OR neonatal[Title]) AND (""2014/01/01""[Date - Publication] : ""2026/09/11""[Date - Publication])"	2026-09-11T11:44:52Z	pmid:29417859	pending		hbs-newborn-external@2026-09-11.1
pubmed:1b4655ae01fb68274fad8eff9541aa0bd68d1cf62a2e4f0d6338b818b2bbfca1	hbs-newborn-external	pubmed	"(""sickle cell""[Title] OR ""hemoglobin S""[Title] OR ""haemoglobin S""[Title] OR HbS[Title] OR hemoglobinopathies[Title] OR haemoglobinopathies[Title]) AND (newborn[Title] OR neonatal[Title]) AND (""2014/01/01""[Date - Publication] : ""2026/09/11""[Date - Publication])"	2026-09-11T11:44:52Z	pmid:29552532	pending		hbs-newborn-external@2026-09-11.1
pubmed:1b4655ae01fb68274fad8eff9541aa0bd68d1cf62a2e4f0d6338b818b2bbfca1	hbs-newborn-external	pubmed	"(""sickle cell""[Title] OR ""hemoglobin S""[Title] OR ""haemoglobin S""[Title] OR HbS[Title] OR hemoglobinopathies[Title] OR haemoglobinopathies[Title]) AND (newborn[Title] OR neonatal[Title]) AND (""2014/01/01""[Date - Publication] : ""2026/09/11""[Date - Publication])"	2026-09-11T11:44:52Z	pmid:29580450	pending		hbs-newborn-external@2026-09-11.1
pubmed:1b4655ae01fb68274fad8eff9541aa0bd68d1cf62a2e4f0d6338b818b2bbfca1	hbs-newborn-external	pubmed	"(""sickle cell""[Title] OR ""hemoglobin S""[Title] OR ""haemoglobin S""[Title] OR HbS[Title] OR hemoglobinopathies[Title] OR haemoglobinopathies[Title]) AND (newborn[Title] OR neonatal[Title]) AND (""2014/01/01""[Date - Publication] : ""2026/09/11""[Date - Publication])"	2026-09-11T11:44:52Z	pmid:29625861	pending		hbs-newborn-external@2026-09-11.1
pubmed:1b4655ae01fb68274fad8eff9541aa0bd68d1cf62a2e4f0d6338b818b2bbfca1	hbs-newborn-external	pubmed	"(""sickle cell""[Title] OR ""hemoglobin S""[Title] OR ""haemoglobin S""[Title] OR HbS[Title] OR hemoglobinopathies[Title] OR haemoglobinopathies[Title]) AND (newborn[Title] OR neonatal[Title]) AND (""2014/01/01""[Date - Publication] : ""2026/09/11""[Date - Publication])"	2026-09-11T11:44:52Z	pmid:29658472	pending		hbs-newborn-external@2026-09-11.1
pubmed:1b4655ae01fb68274fad8eff9541aa0bd68d1cf62a2e4f0d6338b818b2bbfca1	hbs-newborn-external	pubmed	"(""sickle cell""[Title] OR ""hemoglobin S""[Title] OR ""haemoglobin S""[Title] OR HbS[Title] OR hemoglobinopathies[Title] OR haemoglobinopathies[Title]) AND (newborn[Title] OR neonatal[Title]) AND (""2014/01/01""[Date - Publication] : ""2026/09/11""[Date - Publication])"	2026-09-11T11:44:52Z	pmid:29708694	pending		hbs-newborn-external@2026-09-11.1
pubmed:1b4655ae01fb68274fad8eff9541aa0bd68d1cf62a2e4f0d6338b818b2bbfca1	hbs-newborn-external	pubmed	"(""sickle cell""[Title] OR ""hemoglobin S""[Title] OR ""haemoglobin S""[Title] OR HbS[Title] OR hemoglobinopathies[Title] OR haemoglobinopathies[Title]) AND (newborn[Title] OR neonatal[Title]) AND (""2014/01/01""[Date - Publication] : ""2026/09/11""[Date - Publication])"	2026-09-11T11:44:52Z	pmid:29781571	pending		hbs-newborn-external@2026-09-11.1
pubmed:1b4655ae01fb68274fad8eff9541aa0bd68d1cf62a2e4f0d6338b818b2bbfca1	hbs-newborn-external	pubmed	"(""sickle cell""[Title] OR ""hemoglobin S""[Title] OR ""haemoglobin S""[Title] OR HbS[Title] OR hemoglobinopathies[Title] OR haemoglobinopathies[Title]) AND (newborn[Title] OR neonatal[Title]) AND (""2014/01/01""[Date - Publication] : ""2026/09/11""[Date - Publication])"	2026-09-11T11:44:52Z	pmid:29976532	pending		hbs-newborn-external@2026-09-11.1
pubmed:1b4655ae01fb68274fad8eff9541aa0bd68d1cf62a2e4f0d6338b818b2bbfca1	hbs-newborn-external	pubmed	"(""sickle cell""[Title] OR ""hemoglobin S""[Title] OR ""haemoglobin S""[Title] OR HbS[Title] OR hemoglobinopathies[Title] OR haemoglobinopathies[Title]) AND (newborn[Title] OR neonatal[Title]) AND (""2014/01/01""[Date - Publication] : ""2026/09/11""[Date - Publication])"	2026-09-11T11:44:52Z	pmid:30132072	pending		hbs-newborn-external@2026-09-11.1
pubmed:1b4655ae01fb68274fad8eff9541aa0bd68d1cf62a2e4f0d6338b818b2bbfca1	hbs-newborn-external	pubmed	"(""sickle cell""[Title] OR ""hemoglobin S""[Title] OR ""haemoglobin S""[Title] OR HbS[Title] OR hemoglobinopathies[Title] OR haemoglobinopathies[Title]) AND (newborn[Title] OR neonatal[Title]) AND (""2014/01/01""[Date - Publication] : ""2026/09/11""[Date - Publication])"	2026-09-11T11:44:52Z	pmid:30189698	pending		hbs-newborn-external@2026-09-11.1
pubmed:1b4655ae01fb68274fad8eff9541aa0bd68d1cf62a2e4f0d6338b818b2bbfca1	hbs-newborn-external	pubmed	"(""sickle cell""[Title] OR ""hemoglobin S""[Title] OR ""haemoglobin S""[Title] OR HbS[Title] OR hemoglobinopathies[Title] OR haemoglobinopathies[Title]) AND (newborn[Title] OR neonatal[Title]) AND (""2014/01/01""[Date - Publication] : ""2026/09/11""[Date - Publication])"	2026-09-11T11:44:52Z	pmid:30334577	pending		hbs-newborn-external@2026-09-11.1
pubmed:1b4655ae01fb68274fad8eff9541aa0bd68d1cf62a2e4f0d6338b818b2bbfca1	hbs-newborn-external	pubmed	"(""sickle cell""[Title] OR ""hemoglobin S""[Title] OR ""haemoglobin S""[Title] OR HbS[Title] OR hemoglobinopathies[Title] OR haemoglobinopathies[Title]) AND (newborn[Title] OR neonatal[Title]) AND (""2014/01/01""[Date - Publication] : ""2026/09/11""[Date - Publication])"	2026-09-11T11:44:52Z	pmid:30504202	pending		hbs-newborn-external@2026-09-11.1
pubmed:1b4655ae01fb68274fad8eff9541aa0bd68d1cf62a2e4f0d6338b818b2bbfca1	hbs-newborn-external	pubmed	"(""sickle cell""[Title] OR ""hemoglobin S""[Title] OR ""haemoglobin S""[Title] OR HbS[Title] OR hemoglobinopathies[Title] OR haemoglobinopathies[Title]) AND (newborn[Title] OR neonatal[Title]) AND (""2014/01/01""[Date - Publication] : ""2026/09/11""[Date - Publication])"	2026-09-11T11:44:52Z	pmid:30505949	pending		hbs-newborn-external@2026-09-11.1
pubmed:1b4655ae01fb68274fad8eff9541aa0bd68d1cf62a2e4f0d6338b818b2bbfca1	hbs-newborn-external	pubmed	"(""sickle cell""[Title] OR ""hemoglobin S""[Title] OR ""haemoglobin S""[Title] OR HbS[Title] OR hemoglobinopathies[Title] OR haemoglobinopathies[Title]) AND (newborn[Title] OR neonatal[Title]) AND (""2014/01/01""[Date - Publication] : ""2026/09/11""[Date - Publication])"	2026-09-11T11:44:52Z	pmid:30724025	pending		hbs-newborn-external@2026-09-11.1
pubmed:1b4655ae01fb68274fad8eff9541aa0bd68d1cf62a2e4f0d6338b818b2bbfca1	hbs-newborn-external	pubmed	"(""sickle cell""[Title] OR ""hemoglobin S""[Title] OR ""haemoglobin S""[Title] OR HbS[Title] OR hemoglobinopathies[Title] OR haemoglobinopathies[Title]) AND (newborn[Title] OR neonatal[Title]) AND (""2014/01/01""[Date - Publication] : ""2026/09/11""[Date - Publication])"	2026-09-11T11:44:52Z	pmid:30942722	pending		hbs-newborn-external@2026-09-11.1
pubmed:1b4655ae01fb68274fad8eff9541aa0bd68d1cf62a2e4f0d6338b818b2bbfca1	hbs-newborn-external	pubmed	"(""sickle cell""[Title] OR ""hemoglobin S""[Title] OR ""haemoglobin S""[Title] OR HbS[Title] OR hemoglobinopathies[Title] OR haemoglobinopathies[Title]) AND (newborn[Title] OR neonatal[Title]) AND (""2014/01/01""[Date - Publication] : ""2026/09/11""[Date - Publication])"	2026-09-11T11:44:52Z	pmid:31125012	pending		hbs-newborn-external@2026-09-11.1
pubmed:1b4655ae01fb68274fad8eff9541aa0bd68d1cf62a2e4f0d6338b818b2bbfca1	hbs-newborn-external	pubmed	"(""sickle cell""[Title] OR ""hemoglobin S""[Title] OR ""haemoglobin S""[Title] OR HbS[Title] OR hemoglobinopathies[Title] OR haemoglobinopathies[Title]) AND (newborn[Title] OR neonatal[Title]) AND (""2014/01/01""[Date - Publication] : ""2026/09/11""[Date - Publication])"	2026-09-11T11:44:52Z	pmid:31145786	pending		hbs-newborn-external@2026-09-11.1
pubmed:1b4655ae01fb68274fad8eff9541aa0bd68d1cf62a2e4f0d6338b818b2bbfca1	hbs-newborn-external	pubmed	"(""sickle cell""[Title] OR ""hemoglobin S""[Title] OR ""haemoglobin S""[Title] OR HbS[Title] OR hemoglobinopathies[Title] OR haemoglobinopathies[Title]) AND (newborn[Title] OR neonatal[Title]) AND (""2014/01/01""[Date - Publication] : ""2026/09/11""[Date - Publication])"	2026-09-11T11:44:52Z	pmid:31530717	pending		hbs-newborn-external@2026-09-11.1
pubmed:1b4655ae01fb68274fad8eff9541aa0bd68d1cf62a2e4f0d6338b818b2bbfca1	hbs-newborn-external	pubmed	"(""sickle cell""[Title] OR ""hemoglobin S""[Title] OR ""haemoglobin S""[Title] OR HbS[Title] OR hemoglobinopathies[Title] OR haemoglobinopathies[Title]) AND (newborn[Title] OR neonatal[Title]) AND (""2014/01/01""[Date - Publication] : ""2026/09/11""[Date - Publication])"	2026-09-11T11:44:52Z	pmid:31530718	pending		hbs-newborn-external@2026-09-11.1
pubmed:1b4655ae01fb68274fad8eff9541aa0bd68d1cf62a2e4f0d6338b818b2bbfca1	hbs-newborn-external	pubmed	"(""sickle cell""[Title] OR ""hemoglobin S""[Title] OR ""haemoglobin S""[Title] OR HbS[Title] OR hemoglobinopathies[Title] OR haemoglobinopathies[Title]) AND (newborn[Title] OR neonatal[Title]) AND (""2014/01/01""[Date - Publication] : ""2026/09/11""[Date - Publication])"	2026-09-11T11:44:52Z	pmid:31581727	pending		hbs-newborn-external@2026-09-11.1
pubmed:1b4655ae01fb68274fad8eff9541aa0bd68d1cf62a2e4f0d6338b818b2bbfca1	hbs-newborn-external	pubmed	"(""sickle cell""[Title] OR ""hemoglobin S""[Title] OR ""haemoglobin S""[Title] OR HbS[Title] OR hemoglobinopathies[Title] OR haemoglobinopathies[Title]) AND (newborn[Title] OR neonatal[Title]) AND (""2014/01/01""[Date - Publication] : ""2026/09/11""[Date - Publication])"	2026-09-11T11:44:52Z	pmid:31626498	pending		hbs-newborn-external@2026-09-11.1
pubmed:1b4655ae01fb68274fad8eff9541aa0bd68d1cf62a2e4f0d6338b818b2bbfca1	hbs-newborn-external	pubmed	"(""sickle cell""[Title] OR ""hemoglobin S""[Title] OR ""haemoglobin S""[Title] OR HbS[Title] OR hemoglobinopathies[Title] OR haemoglobinopathies[Title]) AND (newborn[Title] OR neonatal[Title]) AND (""2014/01/01""[Date - Publication] : ""2026/09/11""[Date - Publication])"	2026-09-11T11:44:52Z	pmid:31756755	pending		hbs-newborn-external@2026-09-11.1
pubmed:1b4655ae01fb68274fad8eff9541aa0bd68d1cf62a2e4f0d6338b818b2bbfca1	hbs-newborn-external	pubmed	"(""sickle cell""[Title] OR ""hemoglobin S""[Title] OR ""haemoglobin S""[Title] OR HbS[Title] OR hemoglobinopathies[Title] OR haemoglobinopathies[Title]) AND (newborn[Title] OR neonatal[Title]) AND (""2014/01/01""[Date - Publication] : ""2026/09/11""[Date - Publication])"	2026-09-11T11:44:52Z	pmid:31820891	pending		hbs-newborn-external@2026-09-11.1
pubmed:1b4655ae01fb68274fad8eff9541aa0bd68d1cf62a2e4f0d6338b818b2bbfca1	hbs-newborn-external	pubmed	"(""sickle cell""[Title] OR ""hemoglobin S""[Title] OR ""haemoglobin S""[Title] OR HbS[Title] OR hemoglobinopathies[Title] OR haemoglobinopathies[Title]) AND (newborn[Title] OR neonatal[Title]) AND (""2014/01/01""[Date - Publication] : ""2026/09/11""[Date - Publication])"	2026-09-11T11:44:52Z	pmid:32031968	pending		hbs-newborn-external@2026-09-11.1
pubmed:1b4655ae01fb68274fad8eff9541aa0bd68d1cf62a2e4f0d6338b818b2bbfca1	hbs-newborn-external	pubmed	"(""sickle cell""[Title] OR ""hemoglobin S""[Title] OR ""haemoglobin S""[Title] OR HbS[Title] OR hemoglobinopathies[Title] OR haemoglobinopathies[Title]) AND (newborn[Title] OR neonatal[Title]) AND (""2014/01/01""[Date - Publication] : ""2026/09/11""[Date - Publication])"	2026-09-11T11:44:52Z	pmid:32064363	pending		hbs-newborn-external@2026-09-11.1
pubmed:1b4655ae01fb68274fad8eff9541aa0bd68d1cf62a2e4f0d6338b818b2bbfca1	hbs-newborn-external	pubmed	"(""sickle cell""[Title] OR ""hemoglobin S""[Title] OR ""haemoglobin S""[Title] OR HbS[Title] OR hemoglobinopathies[Title] OR haemoglobinopathies[Title]) AND (newborn[Title] OR neonatal[Title]) AND (""2014/01/01""[Date - Publication] : ""2026/09/11""[Date - Publication])"	2026-09-11T11:44:52Z	pmid:32181059	pending		hbs-newborn-external@2026-09-11.1
pubmed:1b4655ae01fb68274fad8eff9541aa0bd68d1cf62a2e4f0d6338b818b2bbfca1	hbs-newborn-external	pubmed	"(""sickle cell""[Title] OR ""hemoglobin S""[Title] OR ""haemoglobin S""[Title] OR HbS[Title] OR hemoglobinopathies[Title] OR haemoglobinopathies[Title]) AND (newborn[Title] OR neonatal[Title]) AND (""2014/01/01""[Date - Publication] : ""2026/09/11""[Date - Publication])"	2026-09-11T11:44:52Z	pmid:32451712	pending		hbs-newborn-external@2026-09-11.1
pubmed:1b4655ae01fb68274fad8eff9541aa0bd68d1cf62a2e4f0d6338b818b2bbfca1	hbs-newborn-external	pubmed	"(""sickle cell""[Title] OR ""hemoglobin S""[Title] OR ""haemoglobin S""[Title] OR HbS[Title] OR hemoglobinopathies[Title] OR haemoglobinopathies[Title]) AND (newborn[Title] OR neonatal[Title]) AND (""2014/01/01""[Date - Publication] : ""2026/09/11""[Date - Publication])"	2026-09-11T11:44:52Z	pmid:32461396	pending		hbs-newborn-external@2026-09-11.1
pubmed:1b4655ae01fb68274fad8eff9541aa0bd68d1cf62a2e4f0d6338b818b2bbfca1	hbs-newborn-external	pubmed	"(""sickle cell""[Title] OR ""hemoglobin S""[Title] OR ""haemoglobin S""[Title] OR HbS[Title] OR hemoglobinopathies[Title] OR haemoglobinopathies[Title]) AND (newborn[Title] OR neonatal[Title]) AND (""2014/01/01""[Date - Publication] : ""2026/09/11""[Date - Publication])"	2026-09-11T11:44:52Z	pmid:32589979	pending		hbs-newborn-external@2026-09-11.1
pubmed:1b4655ae01fb68274fad8eff9541aa0bd68d1cf62a2e4f0d6338b818b2bbfca1	hbs-newborn-external	pubmed	"(""sickle cell""[Title] OR ""hemoglobin S""[Title] OR ""haemoglobin S""[Title] OR HbS[Title] OR hemoglobinopathies[Title] OR haemoglobinopathies[Title]) AND (newborn[Title] OR neonatal[Title]) AND (""2014/01/01""[Date - Publication] : ""2026/09/11""[Date - Publication])"	2026-09-11T11:44:52Z	pmid:32637386	pending		hbs-newborn-external@2026-09-11.1
pubmed:1b4655ae01fb68274fad8eff9541aa0bd68d1cf62a2e4f0d6338b818b2bbfca1	hbs-newborn-external	pubmed	"(""sickle cell""[Title] OR ""hemoglobin S""[Title] OR ""haemoglobin S""[Title] OR HbS[Title] OR hemoglobinopathies[Title] OR haemoglobinopathies[Title]) AND (newborn[Title] OR neonatal[Title]) AND (""2014/01/01""[Date - Publication] : ""2026/09/11""[Date - Publication])"	2026-09-11T11:44:52Z	pmid:32826027	pending		hbs-newborn-external@2026-09-11.1
pubmed:1b4655ae01fb68274fad8eff9541aa0bd68d1cf62a2e4f0d6338b818b2bbfca1	hbs-newborn-external	pubmed	"(""sickle cell""[Title] OR ""hemoglobin S""[Title] OR ""haemoglobin S""[Title] OR HbS[Title] OR hemoglobinopathies[Title] OR haemoglobinopathies[Title]) AND (newborn[Title] OR neonatal[Title]) AND (""2014/01/01""[Date - Publication] : ""2026/09/11""[Date - Publication])"	2026-09-11T11:44:52Z	pmid:33047520	pending		hbs-newborn-external@2026-09-11.1
pubmed:1b4655ae01fb68274fad8eff9541aa0bd68d1cf62a2e4f0d6338b818b2bbfca1	hbs-newborn-external	pubmed	"(""sickle cell""[Title] OR ""hemoglobin S""[Title] OR ""haemoglobin S""[Title] OR HbS[Title] OR hemoglobinopathies[Title] OR haemoglobinopathies[Title]) AND (newborn[Title] OR neonatal[Title]) AND (""2014/01/01""[Date - Publication] : ""2026/09/11""[Date - Publication])"	2026-09-11T11:44:52Z	pmid:33072952	pending		hbs-newborn-external@2026-09-11.1
pubmed:1b4655ae01fb68274fad8eff9541aa0bd68d1cf62a2e4f0d6338b818b2bbfca1	hbs-newborn-external	pubmed	"(""sickle cell""[Title] OR ""hemoglobin S""[Title] OR ""haemoglobin S""[Title] OR HbS[Title] OR hemoglobinopathies[Title] OR haemoglobinopathies[Title]) AND (newborn[Title] OR neonatal[Title]) AND (""2014/01/01""[Date - Publication] : ""2026/09/11""[Date - Publication])"	2026-09-11T11:44:52Z	pmid:33072954	pending		hbs-newborn-external@2026-09-11.1
pubmed:1b4655ae01fb68274fad8eff9541aa0bd68d1cf62a2e4f0d6338b818b2bbfca1	hbs-newborn-external	pubmed	"(""sickle cell""[Title] OR ""hemoglobin S""[Title] OR ""haemoglobin S""[Title] OR HbS[Title] OR hemoglobinopathies[Title] OR haemoglobinopathies[Title]) AND (newborn[Title] OR neonatal[Title]) AND (""2014/01/01""[Date - Publication] : ""2026/09/11""[Date - Publication])"	2026-09-11T11:44:52Z	pmid:33072955	pending		hbs-newborn-external@2026-09-11.1
pubmed:1b4655ae01fb68274fad8eff9541aa0bd68d1cf62a2e4f0d6338b818b2bbfca1	hbs-newborn-external	pubmed	"(""sickle cell""[Title] OR ""hemoglobin S""[Title] OR ""haemoglobin S""[Title] OR HbS[Title] OR hemoglobinopathies[Title] OR haemoglobinopathies[Title]) AND (newborn[Title] OR neonatal[Title]) AND (""2014/01/01""[Date - Publication] : ""2026/09/11""[Date - Publication])"	2026-09-11T11:44:52Z	pmid:33072957	pending		hbs-newborn-external@2026-09-11.1
pubmed:1b4655ae01fb68274fad8eff9541aa0bd68d1cf62a2e4f0d6338b818b2bbfca1	hbs-newborn-external	pubmed	"(""sickle cell""[Title] OR ""hemoglobin S""[Title] OR ""haemoglobin S""[Title] OR HbS[Title] OR hemoglobinopathies[Title] OR haemoglobinopathies[Title]) AND (newborn[Title] OR neonatal[Title]) AND (""2014/01/01""[Date - Publication] : ""2026/09/11""[Date - Publication])"	2026-09-11T11:44:52Z	pmid:33072959	pending		hbs-newborn-external@2026-09-11.1
pubmed:1b4655ae01fb68274fad8eff9541aa0bd68d1cf62a2e4f0d6338b818b2bbfca1	hbs-newborn-external	pubmed	"(""sickle cell""[Title] OR ""hemoglobin S""[Title] OR ""haemoglobin S""[Title] OR HbS[Title] OR hemoglobinopathies[Title] OR haemoglobinopathies[Title]) AND (newborn[Title] OR neonatal[Title]) AND (""2014/01/01""[Date - Publication] : ""2026/09/11""[Date - Publication])"	2026-09-11T11:44:52Z	pmid:33072962	pending		hbs-newborn-external@2026-09-11.1
pubmed:1b4655ae01fb68274fad8eff9541aa0bd68d1cf62a2e4f0d6338b818b2bbfca1	hbs-newborn-external	pubmed	"(""sickle cell""[Title] OR ""hemoglobin S""[Title] OR ""haemoglobin S""[Title] OR HbS[Title] OR hemoglobinopathies[Title] OR haemoglobinopathies[Title]) AND (newborn[Title] OR neonatal[Title]) AND (""2014/01/01""[Date - Publication] : ""2026/09/11""[Date - Publication])"	2026-09-11T11:44:52Z	pmid:33072965	pending		hbs-newborn-external@2026-09-11.1
pubmed:1b4655ae01fb68274fad8eff9541aa0bd68d1cf62a2e4f0d6338b818b2bbfca1	hbs-newborn-external	pubmed	"(""sickle cell""[Title] OR ""hemoglobin S""[Title] OR ""haemoglobin S""[Title] OR HbS[Title] OR hemoglobinopathies[Title] OR haemoglobinopathies[Title]) AND (newborn[Title] OR neonatal[Title]) AND (""2014/01/01""[Date - Publication] : ""2026/09/11""[Date - Publication])"	2026-09-11T11:44:52Z	pmid:33072970	pending		hbs-newborn-external@2026-09-11.1
pubmed:1b4655ae01fb68274fad8eff9541aa0bd68d1cf62a2e4f0d6338b818b2bbfca1	hbs-newborn-external	pubmed	"(""sickle cell""[Title] OR ""hemoglobin S""[Title] OR ""haemoglobin S""[Title] OR HbS[Title] OR hemoglobinopathies[Title] OR haemoglobinopathies[Title]) AND (newborn[Title] OR neonatal[Title]) AND (""2014/01/01""[Date - Publication] : ""2026/09/11""[Date - Publication])"	2026-09-11T11:44:52Z	pmid:33072971	pending		hbs-newborn-external@2026-09-11.1
pubmed:1b4655ae01fb68274fad8eff9541aa0bd68d1cf62a2e4f0d6338b818b2bbfca1	hbs-newborn-external	pubmed	"(""sickle cell""[Title] OR ""hemoglobin S""[Title] OR ""haemoglobin S""[Title] OR HbS[Title] OR hemoglobinopathies[Title] OR haemoglobinopathies[Title]) AND (newborn[Title] OR neonatal[Title]) AND (""2014/01/01""[Date - Publication] : ""2026/09/11""[Date - Publication])"	2026-09-11T11:44:52Z	pmid:33072975	pending		hbs-newborn-external@2026-09-11.1
pubmed:1b4655ae01fb68274fad8eff9541aa0bd68d1cf62a2e4f0d6338b818b2bbfca1	hbs-newborn-external	pubmed	"(""sickle cell""[Title] OR ""hemoglobin S""[Title] OR ""haemoglobin S""[Title] OR HbS[Title] OR hemoglobinopathies[Title] OR haemoglobinopathies[Title]) AND (newborn[Title] OR neonatal[Title]) AND (""2014/01/01""[Date - Publication] : ""2026/09/11""[Date - Publication])"	2026-09-11T11:44:52Z	pmid:33072989	pending		hbs-newborn-external@2026-09-11.1
pubmed:1b4655ae01fb68274fad8eff9541aa0bd68d1cf62a2e4f0d6338b818b2bbfca1	hbs-newborn-external	pubmed	"(""sickle cell""[Title] OR ""hemoglobin S""[Title] OR ""haemoglobin S""[Title] OR HbS[Title] OR hemoglobinopathies[Title] OR haemoglobinopathies[Title]) AND (newborn[Title] OR neonatal[Title]) AND (""2014/01/01""[Date - Publication] : ""2026/09/11""[Date - Publication])"	2026-09-11T11:44:52Z	pmid:33072995	pending		hbs-newborn-external@2026-09-11.1
pubmed:1b4655ae01fb68274fad8eff9541aa0bd68d1cf62a2e4f0d6338b818b2bbfca1	hbs-newborn-external	pubmed	"(""sickle cell""[Title] OR ""hemoglobin S""[Title] OR ""haemoglobin S""[Title] OR HbS[Title] OR hemoglobinopathies[Title] OR haemoglobinopathies[Title]) AND (newborn[Title] OR neonatal[Title]) AND (""2014/01/01""[Date - Publication] : ""2026/09/11""[Date - Publication])"	2026-09-11T11:44:52Z	pmid:33106985	pending		hbs-newborn-external@2026-09-11.1
pubmed:1b4655ae01fb68274fad8eff9541aa0bd68d1cf62a2e4f0d6338b818b2bbfca1	hbs-newborn-external	pubmed	"(""sickle cell""[Title] OR ""hemoglobin S""[Title] OR ""haemoglobin S""[Title] OR HbS[Title] OR hemoglobinopathies[Title] OR haemoglobinopathies[Title]) AND (newborn[Title] OR neonatal[Title]) AND (""2014/01/01""[Date - Publication] : ""2026/09/11""[Date - Publication])"	2026-09-11T11:44:52Z	pmid:33525323	pending		hbs-newborn-external@2026-09-11.1
pubmed:1b4655ae01fb68274fad8eff9541aa0bd68d1cf62a2e4f0d6338b818b2bbfca1	hbs-newborn-external	pubmed	"(""sickle cell""[Title] OR ""hemoglobin S""[Title] OR ""haemoglobin S""[Title] OR HbS[Title] OR hemoglobinopathies[Title] OR haemoglobinopathies[Title]) AND (newborn[Title] OR neonatal[Title]) AND (""2014/01/01""[Date - Publication] : ""2026/09/11""[Date - Publication])"	2026-09-11T11:44:52Z	pmid:33652550	pending		hbs-newborn-external@2026-09-11.1
pubmed:1b4655ae01fb68274fad8eff9541aa0bd68d1cf62a2e4f0d6338b818b2bbfca1	hbs-newborn-external	pubmed	"(""sickle cell""[Title] OR ""hemoglobin S""[Title] OR ""haemoglobin S""[Title] OR HbS[Title] OR hemoglobinopathies[Title] OR haemoglobinopathies[Title]) AND (newborn[Title] OR neonatal[Title]) AND (""2014/01/01""[Date - Publication] : ""2026/09/11""[Date - Publication])"	2026-09-11T11:44:52Z	pmid:33654518	pending		hbs-newborn-external@2026-09-11.1
pubmed:1b4655ae01fb68274fad8eff9541aa0bd68d1cf62a2e4f0d6338b818b2bbfca1	hbs-newborn-external	pubmed	"(""sickle cell""[Title] OR ""hemoglobin S""[Title] OR ""haemoglobin S""[Title] OR HbS[Title] OR hemoglobinopathies[Title] OR haemoglobinopathies[Title]) AND (newborn[Title] OR neonatal[Title]) AND (""2014/01/01""[Date - Publication] : ""2026/09/11""[Date - Publication])"	2026-09-11T11:44:52Z	pmid:33890391	pending		hbs-newborn-external@2026-09-11.1
pubmed:1b4655ae01fb68274fad8eff9541aa0bd68d1cf62a2e4f0d6338b818b2bbfca1	hbs-newborn-external	pubmed	"(""sickle cell""[Title] OR ""hemoglobin S""[Title] OR ""haemoglobin S""[Title] OR HbS[Title] OR hemoglobinopathies[Title] OR haemoglobinopathies[Title]) AND (newborn[Title] OR neonatal[Title]) AND (""2014/01/01""[Date - Publication] : ""2026/09/11""[Date - Publication])"	2026-09-11T11:44:52Z	pmid:34003094	pending		hbs-newborn-external@2026-09-11.1
pubmed:1b4655ae01fb68274fad8eff9541aa0bd68d1cf62a2e4f0d6338b818b2bbfca1	hbs-newborn-external	pubmed	"(""sickle cell""[Title] OR ""hemoglobin S""[Title] OR ""haemoglobin S""[Title] OR HbS[Title] OR hemoglobinopathies[Title] OR haemoglobinopathies[Title]) AND (newborn[Title] OR neonatal[Title]) AND (""2014/01/01""[Date - Publication] : ""2026/09/11""[Date - Publication])"	2026-09-11T11:44:52Z	pmid:34019327	pending		hbs-newborn-external@2026-09-11.1
pubmed:1b4655ae01fb68274fad8eff9541aa0bd68d1cf62a2e4f0d6338b818b2bbfca1	hbs-newborn-external	pubmed	"(""sickle cell""[Title] OR ""hemoglobin S""[Title] OR ""haemoglobin S""[Title] OR HbS[Title] OR hemoglobinopathies[Title] OR haemoglobinopathies[Title]) AND (newborn[Title] OR neonatal[Title]) AND (""2014/01/01""[Date - Publication] : ""2026/09/11""[Date - Publication])"	2026-09-11T11:44:52Z	pmid:34171276	pending		hbs-newborn-external@2026-09-11.1
pubmed:1b4655ae01fb68274fad8eff9541aa0bd68d1cf62a2e4f0d6338b818b2bbfca1	hbs-newborn-external	pubmed	"(""sickle cell""[Title] OR ""hemoglobin S""[Title] OR ""haemoglobin S""[Title] OR HbS[Title] OR hemoglobinopathies[Title] OR haemoglobinopathies[Title]) AND (newborn[Title] OR neonatal[Title]) AND (""2014/01/01""[Date - Publication] : ""2026/09/11""[Date - Publication])"	2026-09-11T11:44:52Z	pmid:34335138	pending		hbs-newborn-external@2026-09-11.1
pubmed:1b4655ae01fb68274fad8eff9541aa0bd68d1cf62a2e4f0d6338b818b2bbfca1	hbs-newborn-external	pubmed	"(""sickle cell""[Title] OR ""hemoglobin S""[Title] OR ""haemoglobin S""[Title] OR HbS[Title] OR hemoglobinopathies[Title] OR haemoglobinopathies[Title]) AND (newborn[Title] OR neonatal[Title]) AND (""2014/01/01""[Date - Publication] : ""2026/09/11""[Date - Publication])"	2026-09-11T11:44:52Z	pmid:34532237	pending		hbs-newborn-external@2026-09-11.1
pubmed:1b4655ae01fb68274fad8eff9541aa0bd68d1cf62a2e4f0d6338b818b2bbfca1	hbs-newborn-external	pubmed	"(""sickle cell""[Title] OR ""hemoglobin S""[Title] OR ""haemoglobin S""[Title] OR HbS[Title] OR hemoglobinopathies[Title] OR haemoglobinopathies[Title]) AND (newborn[Title] OR neonatal[Title]) AND (""2014/01/01""[Date - Publication] : ""2026/09/11""[Date - Publication])"	2026-09-11T11:44:52Z	pmid:34575647	pending		hbs-newborn-external@2026-09-11.1
pubmed:1b4655ae01fb68274fad8eff9541aa0bd68d1cf62a2e4f0d6338b818b2bbfca1	hbs-newborn-external	pubmed	"(""sickle cell""[Title] OR ""hemoglobin S""[Title] OR ""haemoglobin S""[Title] OR HbS[Title] OR hemoglobinopathies[Title] OR haemoglobinopathies[Title]) AND (newborn[Title] OR neonatal[Title]) AND (""2014/01/01""[Date - Publication] : ""2026/09/11""[Date - Publication])"	2026-09-11T11:44:52Z	pmid:34842602	pending		hbs-newborn-external@2026-09-11.1
pubmed:1b4655ae01fb68274fad8eff9541aa0bd68d1cf62a2e4f0d6338b818b2bbfca1	hbs-newborn-external	pubmed	"(""sickle cell""[Title] OR ""hemoglobin S""[Title] OR ""haemoglobin S""[Title] OR HbS[Title] OR hemoglobinopathies[Title] OR haemoglobinopathies[Title]) AND (newborn[Title] OR neonatal[Title]) AND (""2014/01/01""[Date - Publication] : ""2026/09/11""[Date - Publication])"	2026-09-11T11:44:52Z	pmid:34859003	pending		hbs-newborn-external@2026-09-11.1
pubmed:1b4655ae01fb68274fad8eff9541aa0bd68d1cf62a2e4f0d6338b818b2bbfca1	hbs-newborn-external	pubmed	"(""sickle cell""[Title] OR ""hemoglobin S""[Title] OR ""haemoglobin S""[Title] OR HbS[Title] OR hemoglobinopathies[Title] OR haemoglobinopathies[Title]) AND (newborn[Title] OR neonatal[Title]) AND (""2014/01/01""[Date - Publication] : ""2026/09/11""[Date - Publication])"	2026-09-11T11:44:52Z	pmid:35014619	pending		hbs-newborn-external@2026-09-11.1
pubmed:1b4655ae01fb68274fad8eff9541aa0bd68d1cf62a2e4f0d6338b818b2bbfca1	hbs-newborn-external	pubmed	"(""sickle cell""[Title] OR ""hemoglobin S""[Title] OR ""haemoglobin S""[Title] OR HbS[Title] OR hemoglobinopathies[Title] OR haemoglobinopathies[Title]) AND (newborn[Title] OR neonatal[Title]) AND (""2014/01/01""[Date - Publication] : ""2026/09/11""[Date - Publication])"	2026-09-11T11:44:52Z	pmid:35154827	pending		hbs-newborn-external@2026-09-11.1
pubmed:1b4655ae01fb68274fad8eff9541aa0bd68d1cf62a2e4f0d6338b818b2bbfca1	hbs-newborn-external	pubmed	"(""sickle cell""[Title] OR ""hemoglobin S""[Title] OR ""haemoglobin S""[Title] OR HbS[Title] OR hemoglobinopathies[Title] OR haemoglobinopathies[Title]) AND (newborn[Title] OR neonatal[Title]) AND (""2014/01/01""[Date - Publication] : ""2026/09/11""[Date - Publication])"	2026-09-11T11:44:52Z	pmid:35193898	pending		hbs-newborn-external@2026-09-11.1
pubmed:1b4655ae01fb68274fad8eff9541aa0bd68d1cf62a2e4f0d6338b818b2bbfca1	hbs-newborn-external	pubmed	"(""sickle cell""[Title] OR ""hemoglobin S""[Title] OR ""haemoglobin S""[Title] OR HbS[Title] OR hemoglobinopathies[Title] OR haemoglobinopathies[Title]) AND (newborn[Title] OR neonatal[Title]) AND (""2014/01/01""[Date - Publication] : ""2026/09/11""[Date - Publication])"	2026-09-11T11:44:52Z	pmid:35242766	pending		hbs-newborn-external@2026-09-11.1
pubmed:1b4655ae01fb68274fad8eff9541aa0bd68d1cf62a2e4f0d6338b818b2bbfca1	hbs-newborn-external	pubmed	"(""sickle cell""[Title] OR ""hemoglobin S""[Title] OR ""haemoglobin S""[Title] OR HbS[Title] OR hemoglobinopathies[Title] OR haemoglobinopathies[Title]) AND (newborn[Title] OR neonatal[Title]) AND (""2014/01/01""[Date - Publication] : ""2026/09/11""[Date - Publication])"	2026-09-11T11:44:52Z	pmid:35264367	pending		hbs-newborn-external@2026-09-11.1
pubmed:1b4655ae01fb68274fad8eff9541aa0bd68d1cf62a2e4f0d6338b818b2bbfca1	hbs-newborn-external	pubmed	"(""sickle cell""[Title] OR ""hemoglobin S""[Title] OR ""haemoglobin S""[Title] OR HbS[Title] OR hemoglobinopathies[Title] OR haemoglobinopathies[Title]) AND (newborn[Title] OR neonatal[Title]) AND (""2014/01/01""[Date - Publication] : ""2026/09/11""[Date - Publication])"	2026-09-11T11:44:52Z	pmid:35293609	pending		hbs-newborn-external@2026-09-11.1
pubmed:1b4655ae01fb68274fad8eff9541aa0bd68d1cf62a2e4f0d6338b818b2bbfca1	hbs-newborn-external	pubmed	"(""sickle cell""[Title] OR ""hemoglobin S""[Title] OR ""haemoglobin S""[Title] OR HbS[Title] OR hemoglobinopathies[Title] OR haemoglobinopathies[Title]) AND (newborn[Title] OR neonatal[Title]) AND (""2014/01/01""[Date - Publication] : ""2026/09/11""[Date - Publication])"	2026-09-11T11:44:52Z	pmid:35341556	pending		hbs-newborn-external@2026-09-11.1
pubmed:1b4655ae01fb68274fad8eff9541aa0bd68d1cf62a2e4f0d6338b818b2bbfca1	hbs-newborn-external	pubmed	"(""sickle cell""[Title] OR ""hemoglobin S""[Title] OR ""haemoglobin S""[Title] OR HbS[Title] OR hemoglobinopathies[Title] OR haemoglobinopathies[Title]) AND (newborn[Title] OR neonatal[Title]) AND (""2014/01/01""[Date - Publication] : ""2026/09/11""[Date - Publication])"	2026-09-11T11:44:52Z	pmid:35775883	pending		hbs-newborn-external@2026-09-11.1
pubmed:1b4655ae01fb68274fad8eff9541aa0bd68d1cf62a2e4f0d6338b818b2bbfca1	hbs-newborn-external	pubmed	"(""sickle cell""[Title] OR ""hemoglobin S""[Title] OR ""haemoglobin S""[Title] OR HbS[Title] OR hemoglobinopathies[Title] OR haemoglobinopathies[Title]) AND (newborn[Title] OR neonatal[Title]) AND (""2014/01/01""[Date - Publication] : ""2026/09/11""[Date - Publication])"	2026-09-11T11:44:52Z	pmid:36188389	pending		hbs-newborn-external@2026-09-11.1
pubmed:1b4655ae01fb68274fad8eff9541aa0bd68d1cf62a2e4f0d6338b818b2bbfca1	hbs-newborn-external	pubmed	"(""sickle cell""[Title] OR ""hemoglobin S""[Title] OR ""haemoglobin S""[Title] OR HbS[Title] OR hemoglobinopathies[Title] OR haemoglobinopathies[Title]) AND (newborn[Title] OR neonatal[Title]) AND (""2014/01/01""[Date - Publication] : ""2026/09/11""[Date - Publication])"	2026-09-11T11:44:52Z	pmid:36264096	pending		hbs-newborn-external@2026-09-11.1
pubmed:1b4655ae01fb68274fad8eff9541aa0bd68d1cf62a2e4f0d6338b818b2bbfca1	hbs-newborn-external	pubmed	"(""sickle cell""[Title] OR ""hemoglobin S""[Title] OR ""haemoglobin S""[Title] OR HbS[Title] OR hemoglobinopathies[Title] OR haemoglobinopathies[Title]) AND (newborn[Title] OR neonatal[Title]) AND (""2014/01/01""[Date - Publication] : ""2026/09/11""[Date - Publication])"	2026-09-11T11:44:52Z	pmid:36386848	pending		hbs-newborn-external@2026-09-11.1
pubmed:1b4655ae01fb68274fad8eff9541aa0bd68d1cf62a2e4f0d6338b818b2bbfca1	hbs-newborn-external	pubmed	"(""sickle cell""[Title] OR ""hemoglobin S""[Title] OR ""haemoglobin S""[Title] OR HbS[Title] OR hemoglobinopathies[Title] OR haemoglobinopathies[Title]) AND (newborn[Title] OR neonatal[Title]) AND (""2014/01/01""[Date - Publication] : ""2026/09/11""[Date - Publication])"	2026-09-11T11:44:52Z	pmid:36580977	pending		hbs-newborn-external@2026-09-11.1
pubmed:1b4655ae01fb68274fad8eff9541aa0bd68d1cf62a2e4f0d6338b818b2bbfca1	hbs-newborn-external	pubmed	"(""sickle cell""[Title] OR ""hemoglobin S""[Title] OR ""haemoglobin S""[Title] OR HbS[Title] OR hemoglobinopathies[Title] OR haemoglobinopathies[Title]) AND (newborn[Title] OR neonatal[Title]) AND (""2014/01/01""[Date - Publication] : ""2026/09/11""[Date - Publication])"	2026-09-11T11:44:52Z	pmid:36583074	pending		hbs-newborn-external@2026-09-11.1
pubmed:1b4655ae01fb68274fad8eff9541aa0bd68d1cf62a2e4f0d6338b818b2bbfca1	hbs-newborn-external	pubmed	"(""sickle cell""[Title] OR ""hemoglobin S""[Title] OR ""haemoglobin S""[Title] OR HbS[Title] OR hemoglobinopathies[Title] OR haemoglobinopathies[Title]) AND (newborn[Title] OR neonatal[Title]) AND (""2014/01/01""[Date - Publication] : ""2026/09/11""[Date - Publication])"	2026-09-11T11:44:52Z	pmid:36975852	pending		hbs-newborn-external@2026-09-11.1
pubmed:1b4655ae01fb68274fad8eff9541aa0bd68d1cf62a2e4f0d6338b818b2bbfca1	hbs-newborn-external	pubmed	"(""sickle cell""[Title] OR ""hemoglobin S""[Title] OR ""haemoglobin S""[Title] OR HbS[Title] OR hemoglobinopathies[Title] OR haemoglobinopathies[Title]) AND (newborn[Title] OR neonatal[Title]) AND (""2014/01/01""[Date - Publication] : ""2026/09/11""[Date - Publication])"	2026-09-11T11:44:52Z	pmid:37011409	pending		hbs-newborn-external@2026-09-11.1
pubmed:1b4655ae01fb68274fad8eff9541aa0bd68d1cf62a2e4f0d6338b818b2bbfca1	hbs-newborn-external	pubmed	"(""sickle cell""[Title] OR ""hemoglobin S""[Title] OR ""haemoglobin S""[Title] OR HbS[Title] OR hemoglobinopathies[Title] OR haemoglobinopathies[Title]) AND (newborn[Title] OR neonatal[Title]) AND (""2014/01/01""[Date - Publication] : ""2026/09/11""[Date - Publication])"	2026-09-11T11:44:52Z	pmid:37017939	pending		hbs-newborn-external@2026-09-11.1
pubmed:1b4655ae01fb68274fad8eff9541aa0bd68d1cf62a2e4f0d6338b818b2bbfca1	hbs-newborn-external	pubmed	"(""sickle cell""[Title] OR ""hemoglobin S""[Title] OR ""haemoglobin S""[Title] OR HbS[Title] OR hemoglobinopathies[Title] OR haemoglobinopathies[Title]) AND (newborn[Title] OR neonatal[Title]) AND (""2014/01/01""[Date - Publication] : ""2026/09/11""[Date - Publication])"	2026-09-11T11:44:52Z	pmid:37083273	pending		hbs-newborn-external@2026-09-11.1
pubmed:1b4655ae01fb68274fad8eff9541aa0bd68d1cf62a2e4f0d6338b818b2bbfca1	hbs-newborn-external	pubmed	"(""sickle cell""[Title] OR ""hemoglobin S""[Title] OR ""haemoglobin S""[Title] OR HbS[Title] OR hemoglobinopathies[Title] OR haemoglobinopathies[Title]) AND (newborn[Title] OR neonatal[Title]) AND (""2014/01/01""[Date - Publication] : ""2026/09/11""[Date - Publication])"	2026-09-11T11:44:52Z	pmid:37183964	pending		hbs-newborn-external@2026-09-11.1
pubmed:1b4655ae01fb68274fad8eff9541aa0bd68d1cf62a2e4f0d6338b818b2bbfca1	hbs-newborn-external	pubmed	"(""sickle cell""[Title] OR ""hemoglobin S""[Title] OR ""haemoglobin S""[Title] OR HbS[Title] OR hemoglobinopathies[Title] OR haemoglobinopathies[Title]) AND (newborn[Title] OR neonatal[Title]) AND (""2014/01/01""[Date - Publication] : ""2026/09/11""[Date - Publication])"	2026-09-11T11:44:52Z	pmid:37391656	pending		hbs-newborn-external@2026-09-11.1
pubmed:1b4655ae01fb68274fad8eff9541aa0bd68d1cf62a2e4f0d6338b818b2bbfca1	hbs-newborn-external	pubmed	"(""sickle cell""[Title] OR ""hemoglobin S""[Title] OR ""haemoglobin S""[Title] OR HbS[Title] OR hemoglobinopathies[Title] OR haemoglobinopathies[Title]) AND (newborn[Title] OR neonatal[Title]) AND (""2014/01/01""[Date - Publication] : ""2026/09/11""[Date - Publication])"	2026-09-11T11:44:52Z	pmid:37451303	pending		hbs-newborn-external@2026-09-11.1
pubmed:1b4655ae01fb68274fad8eff9541aa0bd68d1cf62a2e4f0d6338b818b2bbfca1	hbs-newborn-external	pubmed	"(""sickle cell""[Title] OR ""hemoglobin S""[Title] OR ""haemoglobin S""[Title] OR HbS[Title] OR hemoglobinopathies[Title] OR haemoglobinopathies[Title]) AND (newborn[Title] OR neonatal[Title]) AND (""2014/01/01""[Date - Publication] : ""2026/09/11""[Date - Publication])"	2026-09-11T11:44:52Z	pmid:37494482	pending		hbs-newborn-external@2026-09-11.1
pubmed:1b4655ae01fb68274fad8eff9541aa0bd68d1cf62a2e4f0d6338b818b2bbfca1	hbs-newborn-external	pubmed	"(""sickle cell""[Title] OR ""hemoglobin S""[Title] OR ""haemoglobin S""[Title] OR HbS[Title] OR hemoglobinopathies[Title] OR haemoglobinopathies[Title]) AND (newborn[Title] OR neonatal[Title]) AND (""2014/01/01""[Date - Publication] : ""2026/09/11""[Date - Publication])"	2026-09-11T11:44:52Z	pmid:37585843	pending		hbs-newborn-external@2026-09-11.1
pubmed:1b4655ae01fb68274fad8eff9541aa0bd68d1cf62a2e4f0d6338b818b2bbfca1	hbs-newborn-external	pubmed	"(""sickle cell""[Title] OR ""hemoglobin S""[Title] OR ""haemoglobin S""[Title] OR HbS[Title] OR hemoglobinopathies[Title] OR haemoglobinopathies[Title]) AND (newborn[Title] OR neonatal[Title]) AND (""2014/01/01""[Date - Publication] : ""2026/09/11""[Date - Publication])"	2026-09-11T11:44:52Z	pmid:37637401	pending		hbs-newborn-external@2026-09-11.1
pubmed:1b4655ae01fb68274fad8eff9541aa0bd68d1cf62a2e4f0d6338b818b2bbfca1	hbs-newborn-external	pubmed	"(""sickle cell""[Title] OR ""hemoglobin S""[Title] OR ""haemoglobin S""[Title] OR HbS[Title] OR hemoglobinopathies[Title] OR haemoglobinopathies[Title]) AND (newborn[Title] OR neonatal[Title]) AND (""2014/01/01""[Date - Publication] : ""2026/09/11""[Date - Publication])"	2026-09-11T11:44:52Z	pmid:37728227	pending		hbs-newborn-external@2026-09-11.1
pubmed:1b4655ae01fb68274fad8eff9541aa0bd68d1cf62a2e4f0d6338b818b2bbfca1	hbs-newborn-external	pubmed	"(""sickle cell""[Title] OR ""hemoglobin S""[Title] OR ""haemoglobin S""[Title] OR HbS[Title] OR hemoglobinopathies[Title] OR haemoglobinopathies[Title]) AND (newborn[Title] OR neonatal[Title]) AND (""2014/01/01""[Date - Publication] : ""2026/09/11""[Date - Publication])"	2026-09-11T11:44:52Z	pmid:37748509	pending		hbs-newborn-external@2026-09-11.1
pubmed:1b4655ae01fb68274fad8eff9541aa0bd68d1cf62a2e4f0d6338b818b2bbfca1	hbs-newborn-external	pubmed	"(""sickle cell""[Title] OR ""hemoglobin S""[Title] OR ""haemoglobin S""[Title] OR HbS[Title] OR hemoglobinopathies[Title] OR haemoglobinopathies[Title]) AND (newborn[Title] OR neonatal[Title]) AND (""2014/01/01""[Date - Publication] : ""2026/09/11""[Date - Publication])"	2026-09-11T11:44:52Z	pmid:37781453	pending		hbs-newborn-external@2026-09-11.1
pubmed:1b4655ae01fb68274fad8eff9541aa0bd68d1cf62a2e4f0d6338b818b2bbfca1	hbs-newborn-external	pubmed	"(""sickle cell""[Title] OR ""hemoglobin S""[Title] OR ""haemoglobin S""[Title] OR HbS[Title] OR hemoglobinopathies[Title] OR haemoglobinopathies[Title]) AND (newborn[Title] OR neonatal[Title]) AND (""2014/01/01""[Date - Publication] : ""2026/09/11""[Date - Publication])"	2026-09-11T11:44:52Z	pmid:37820110	pending		hbs-newborn-external@2026-09-11.1
pubmed:1b4655ae01fb68274fad8eff9541aa0bd68d1cf62a2e4f0d6338b818b2bbfca1	hbs-newborn-external	pubmed	"(""sickle cell""[Title] OR ""hemoglobin S""[Title] OR ""haemoglobin S""[Title] OR HbS[Title] OR hemoglobinopathies[Title] OR haemoglobinopathies[Title]) AND (newborn[Title] OR neonatal[Title]) AND (""2014/01/01""[Date - Publication] : ""2026/09/11""[Date - Publication])"	2026-09-11T11:44:52Z	pmid:37873846	pending		hbs-newborn-external@2026-09-11.1
pubmed:1b4655ae01fb68274fad8eff9541aa0bd68d1cf62a2e4f0d6338b818b2bbfca1	hbs-newborn-external	pubmed	"(""sickle cell""[Title] OR ""hemoglobin S""[Title] OR ""haemoglobin S""[Title] OR HbS[Title] OR hemoglobinopathies[Title] OR haemoglobinopathies[Title]) AND (newborn[Title] OR neonatal[Title]) AND (""2014/01/01""[Date - Publication] : ""2026/09/11""[Date - Publication])"	2026-09-11T11:44:52Z	pmid:37883505	pending		hbs-newborn-external@2026-09-11.1
pubmed:1b4655ae01fb68274fad8eff9541aa0bd68d1cf62a2e4f0d6338b818b2bbfca1	hbs-newborn-external	pubmed	"(""sickle cell""[Title] OR ""hemoglobin S""[Title] OR ""haemoglobin S""[Title] OR HbS[Title] OR hemoglobinopathies[Title] OR haemoglobinopathies[Title]) AND (newborn[Title] OR neonatal[Title]) AND (""2014/01/01""[Date - Publication] : ""2026/09/11""[Date - Publication])"	2026-09-11T11:44:52Z	pmid:37980280	pending		hbs-newborn-external@2026-09-11.1
pubmed:1b4655ae01fb68274fad8eff9541aa0bd68d1cf62a2e4f0d6338b818b2bbfca1	hbs-newborn-external	pubmed	"(""sickle cell""[Title] OR ""hemoglobin S""[Title] OR ""haemoglobin S""[Title] OR HbS[Title] OR hemoglobinopathies[Title] OR haemoglobinopathies[Title]) AND (newborn[Title] OR neonatal[Title]) AND (""2014/01/01""[Date - Publication] : ""2026/09/11""[Date - Publication])"	2026-09-11T11:44:52Z	pmid:38063788	pending		hbs-newborn-external@2026-09-11.1
pubmed:1b4655ae01fb68274fad8eff9541aa0bd68d1cf62a2e4f0d6338b818b2bbfca1	hbs-newborn-external	pubmed	"(""sickle cell""[Title] OR ""hemoglobin S""[Title] OR ""haemoglobin S""[Title] OR HbS[Title] OR hemoglobinopathies[Title] OR haemoglobinopathies[Title]) AND (newborn[Title] OR neonatal[Title]) AND (""2014/01/01""[Date - Publication] : ""2026/09/11""[Date - Publication])"	2026-09-11T11:44:52Z	pmid:38116518	pending		hbs-newborn-external@2026-09-11.1
pubmed:1b4655ae01fb68274fad8eff9541aa0bd68d1cf62a2e4f0d6338b818b2bbfca1	hbs-newborn-external	pubmed	"(""sickle cell""[Title] OR ""hemoglobin S""[Title] OR ""haemoglobin S""[Title] OR HbS[Title] OR hemoglobinopathies[Title] OR haemoglobinopathies[Title]) AND (newborn[Title] OR neonatal[Title]) AND (""2014/01/01""[Date - Publication] : ""2026/09/11""[Date - Publication])"	2026-09-11T11:44:52Z	pmid:38204310	pending		hbs-newborn-external@2026-09-11.1
pubmed:1b4655ae01fb68274fad8eff9541aa0bd68d1cf62a2e4f0d6338b818b2bbfca1	hbs-newborn-external	pubmed	"(""sickle cell""[Title] OR ""hemoglobin S""[Title] OR ""haemoglobin S""[Title] OR HbS[Title] OR hemoglobinopathies[Title] OR haemoglobinopathies[Title]) AND (newborn[Title] OR neonatal[Title]) AND (""2014/01/01""[Date - Publication] : ""2026/09/11""[Date - Publication])"	2026-09-11T11:44:52Z	pmid:38274971	pending		hbs-newborn-external@2026-09-11.1
pubmed:1b4655ae01fb68274fad8eff9541aa0bd68d1cf62a2e4f0d6338b818b2bbfca1	hbs-newborn-external	pubmed	"(""sickle cell""[Title] OR ""hemoglobin S""[Title] OR ""haemoglobin S""[Title] OR HbS[Title] OR hemoglobinopathies[Title] OR haemoglobinopathies[Title]) AND (newborn[Title] OR neonatal[Title]) AND (""2014/01/01""[Date - Publication] : ""2026/09/11""[Date - Publication])"	2026-09-11T11:44:52Z	pmid:38287736	pending		hbs-newborn-external@2026-09-11.1
pubmed:1b4655ae01fb68274fad8eff9541aa0bd68d1cf62a2e4f0d6338b818b2bbfca1	hbs-newborn-external	pubmed	"(""sickle cell""[Title] OR ""hemoglobin S""[Title] OR ""haemoglobin S""[Title] OR HbS[Title] OR hemoglobinopathies[Title] OR haemoglobinopathies[Title]) AND (newborn[Title] OR neonatal[Title]) AND (""2014/01/01""[Date - Publication] : ""2026/09/11""[Date - Publication])"	2026-09-11T11:44:52Z	pmid:38308541	pending		hbs-newborn-external@2026-09-11.1
pubmed:1b4655ae01fb68274fad8eff9541aa0bd68d1cf62a2e4f0d6338b818b2bbfca1	hbs-newborn-external	pubmed	"(""sickle cell""[Title] OR ""hemoglobin S""[Title] OR ""haemoglobin S""[Title] OR HbS[Title] OR hemoglobinopathies[Title] OR haemoglobinopathies[Title]) AND (newborn[Title] OR neonatal[Title]) AND (""2014/01/01""[Date - Publication] : ""2026/09/11""[Date - Publication])"	2026-09-11T11:44:52Z	pmid:38433874	pending		hbs-newborn-external@2026-09-11.1
pubmed:1b4655ae01fb68274fad8eff9541aa0bd68d1cf62a2e4f0d6338b818b2bbfca1	hbs-newborn-external	pubmed	"(""sickle cell""[Title] OR ""hemoglobin S""[Title] OR ""haemoglobin S""[Title] OR HbS[Title] OR hemoglobinopathies[Title] OR haemoglobinopathies[Title]) AND (newborn[Title] OR neonatal[Title]) AND (""2014/01/01""[Date - Publication] : ""2026/09/11""[Date - Publication])"	2026-09-11T11:44:52Z	pmid:38535126	pending		hbs-newborn-external@2026-09-11.1
pubmed:1b4655ae01fb68274fad8eff9541aa0bd68d1cf62a2e4f0d6338b818b2bbfca1	hbs-newborn-external	pubmed	"(""sickle cell""[Title] OR ""hemoglobin S""[Title] OR ""haemoglobin S""[Title] OR HbS[Title] OR hemoglobinopathies[Title] OR haemoglobinopathies[Title]) AND (newborn[Title] OR neonatal[Title]) AND (""2014/01/01""[Date - Publication] : ""2026/09/11""[Date - Publication])"	2026-09-11T11:44:52Z	pmid:38671412	pending		hbs-newborn-external@2026-09-11.1
pubmed:1b4655ae01fb68274fad8eff9541aa0bd68d1cf62a2e4f0d6338b818b2bbfca1	hbs-newborn-external	pubmed	"(""sickle cell""[Title] OR ""hemoglobin S""[Title] OR ""haemoglobin S""[Title] OR HbS[Title] OR hemoglobinopathies[Title] OR haemoglobinopathies[Title]) AND (newborn[Title] OR neonatal[Title]) AND (""2014/01/01""[Date - Publication] : ""2026/09/11""[Date - Publication])"	2026-09-11T11:44:52Z	pmid:38682156	pending		hbs-newborn-external@2026-09-11.1
pubmed:1b4655ae01fb68274fad8eff9541aa0bd68d1cf62a2e4f0d6338b818b2bbfca1	hbs-newborn-external	pubmed	"(""sickle cell""[Title] OR ""hemoglobin S""[Title] OR ""haemoglobin S""[Title] OR HbS[Title] OR hemoglobinopathies[Title] OR haemoglobinopathies[Title]) AND (newborn[Title] OR neonatal[Title]) AND (""2014/01/01""[Date - Publication] : ""2026/09/11""[Date - Publication])"	2026-09-11T11:44:52Z	pmid:38686944	pending		hbs-newborn-external@2026-09-11.1
pubmed:1b4655ae01fb68274fad8eff9541aa0bd68d1cf62a2e4f0d6338b818b2bbfca1	hbs-newborn-external	pubmed	"(""sickle cell""[Title] OR ""hemoglobin S""[Title] OR ""haemoglobin S""[Title] OR HbS[Title] OR hemoglobinopathies[Title] OR haemoglobinopathies[Title]) AND (newborn[Title] OR neonatal[Title]) AND (""2014/01/01""[Date - Publication] : ""2026/09/11""[Date - Publication])"	2026-09-11T11:44:52Z	pmid:38846113	pending		hbs-newborn-external@2026-09-11.1
pubmed:1b4655ae01fb68274fad8eff9541aa0bd68d1cf62a2e4f0d6338b818b2bbfca1	hbs-newborn-external	pubmed	"(""sickle cell""[Title] OR ""hemoglobin S""[Title] OR ""haemoglobin S""[Title] OR HbS[Title] OR hemoglobinopathies[Title] OR haemoglobinopathies[Title]) AND (newborn[Title] OR neonatal[Title]) AND (""2014/01/01""[Date - Publication] : ""2026/09/11""[Date - Publication])"	2026-09-11T11:44:52Z	pmid:38888156	pending		hbs-newborn-external@2026-09-11.1
pubmed:1b4655ae01fb68274fad8eff9541aa0bd68d1cf62a2e4f0d6338b818b2bbfca1	hbs-newborn-external	pubmed	"(""sickle cell""[Title] OR ""hemoglobin S""[Title] OR ""haemoglobin S""[Title] OR HbS[Title] OR hemoglobinopathies[Title] OR haemoglobinopathies[Title]) AND (newborn[Title] OR neonatal[Title]) AND (""2014/01/01""[Date - Publication] : ""2026/09/11""[Date - Publication])"	2026-09-11T11:44:52Z	pmid:38895082	pending		hbs-newborn-external@2026-09-11.1
pubmed:1b4655ae01fb68274fad8eff9541aa0bd68d1cf62a2e4f0d6338b818b2bbfca1	hbs-newborn-external	pubmed	"(""sickle cell""[Title] OR ""hemoglobin S""[Title] OR ""haemoglobin S""[Title] OR HbS[Title] OR hemoglobinopathies[Title] OR haemoglobinopathies[Title]) AND (newborn[Title] OR neonatal[Title]) AND (""2014/01/01""[Date - Publication] : ""2026/09/11""[Date - Publication])"	2026-09-11T11:44:52Z	pmid:38978315	pending		hbs-newborn-external@2026-09-11.1
pubmed:1b4655ae01fb68274fad8eff9541aa0bd68d1cf62a2e4f0d6338b818b2bbfca1	hbs-newborn-external	pubmed	"(""sickle cell""[Title] OR ""hemoglobin S""[Title] OR ""haemoglobin S""[Title] OR HbS[Title] OR hemoglobinopathies[Title] OR haemoglobinopathies[Title]) AND (newborn[Title] OR neonatal[Title]) AND (""2014/01/01""[Date - Publication] : ""2026/09/11""[Date - Publication])"	2026-09-11T11:44:52Z	pmid:38980121	pending		hbs-newborn-external@2026-09-11.1
pubmed:1b4655ae01fb68274fad8eff9541aa0bd68d1cf62a2e4f0d6338b818b2bbfca1	hbs-newborn-external	pubmed	"(""sickle cell""[Title] OR ""hemoglobin S""[Title] OR ""haemoglobin S""[Title] OR HbS[Title] OR hemoglobinopathies[Title] OR haemoglobinopathies[Title]) AND (newborn[Title] OR neonatal[Title]) AND (""2014/01/01""[Date - Publication] : ""2026/09/11""[Date - Publication])"	2026-09-11T11:44:52Z	pmid:39051402	pending		hbs-newborn-external@2026-09-11.1
pubmed:1b4655ae01fb68274fad8eff9541aa0bd68d1cf62a2e4f0d6338b818b2bbfca1	hbs-newborn-external	pubmed	"(""sickle cell""[Title] OR ""hemoglobin S""[Title] OR ""haemoglobin S""[Title] OR HbS[Title] OR hemoglobinopathies[Title] OR haemoglobinopathies[Title]) AND (newborn[Title] OR neonatal[Title]) AND (""2014/01/01""[Date - Publication] : ""2026/09/11""[Date - Publication])"	2026-09-11T11:44:52Z	pmid:39241049	pending		hbs-newborn-external@2026-09-11.1
pubmed:1b4655ae01fb68274fad8eff9541aa0bd68d1cf62a2e4f0d6338b818b2bbfca1	hbs-newborn-external	pubmed	"(""sickle cell""[Title] OR ""hemoglobin S""[Title] OR ""haemoglobin S""[Title] OR HbS[Title] OR hemoglobinopathies[Title] OR haemoglobinopathies[Title]) AND (newborn[Title] OR neonatal[Title]) AND (""2014/01/01""[Date - Publication] : ""2026/09/11""[Date - Publication])"	2026-09-11T11:44:52Z	pmid:39449355	pending		hbs-newborn-external@2026-09-11.1
pubmed:1b4655ae01fb68274fad8eff9541aa0bd68d1cf62a2e4f0d6338b818b2bbfca1	hbs-newborn-external	pubmed	"(""sickle cell""[Title] OR ""hemoglobin S""[Title] OR ""haemoglobin S""[Title] OR HbS[Title] OR hemoglobinopathies[Title] OR haemoglobinopathies[Title]) AND (newborn[Title] OR neonatal[Title]) AND (""2014/01/01""[Date - Publication] : ""2026/09/11""[Date - Publication])"	2026-09-11T11:44:52Z	pmid:39449357	pending		hbs-newborn-external@2026-09-11.1
pubmed:1b4655ae01fb68274fad8eff9541aa0bd68d1cf62a2e4f0d6338b818b2bbfca1	hbs-newborn-external	pubmed	"(""sickle cell""[Title] OR ""hemoglobin S""[Title] OR ""haemoglobin S""[Title] OR HbS[Title] OR hemoglobinopathies[Title] OR haemoglobinopathies[Title]) AND (newborn[Title] OR neonatal[Title]) AND (""2014/01/01""[Date - Publication] : ""2026/09/11""[Date - Publication])"	2026-09-11T11:44:52Z	pmid:39483292	pending		hbs-newborn-external@2026-09-11.1
pubmed:1b4655ae01fb68274fad8eff9541aa0bd68d1cf62a2e4f0d6338b818b2bbfca1	hbs-newborn-external	pubmed	"(""sickle cell""[Title] OR ""hemoglobin S""[Title] OR ""haemoglobin S""[Title] OR HbS[Title] OR hemoglobinopathies[Title] OR haemoglobinopathies[Title]) AND (newborn[Title] OR neonatal[Title]) AND (""2014/01/01""[Date - Publication] : ""2026/09/11""[Date - Publication])"	2026-09-11T11:44:52Z	pmid:39487586	pending		hbs-newborn-external@2026-09-11.1
pubmed:1b4655ae01fb68274fad8eff9541aa0bd68d1cf62a2e4f0d6338b818b2bbfca1	hbs-newborn-external	pubmed	"(""sickle cell""[Title] OR ""hemoglobin S""[Title] OR ""haemoglobin S""[Title] OR HbS[Title] OR hemoglobinopathies[Title] OR haemoglobinopathies[Title]) AND (newborn[Title] OR neonatal[Title]) AND (""2014/01/01""[Date - Publication] : ""2026/09/11""[Date - Publication])"	2026-09-11T11:44:52Z	pmid:39596667	pending		hbs-newborn-external@2026-09-11.1
pubmed:1b4655ae01fb68274fad8eff9541aa0bd68d1cf62a2e4f0d6338b818b2bbfca1	hbs-newborn-external	pubmed	"(""sickle cell""[Title] OR ""hemoglobin S""[Title] OR ""haemoglobin S""[Title] OR HbS[Title] OR hemoglobinopathies[Title] OR haemoglobinopathies[Title]) AND (newborn[Title] OR neonatal[Title]) AND (""2014/01/01""[Date - Publication] : ""2026/09/11""[Date - Publication])"	2026-09-11T11:44:52Z	pmid:39644044	pending		hbs-newborn-external@2026-09-11.1
pubmed:1b4655ae01fb68274fad8eff9541aa0bd68d1cf62a2e4f0d6338b818b2bbfca1	hbs-newborn-external	pubmed	"(""sickle cell""[Title] OR ""hemoglobin S""[Title] OR ""haemoglobin S""[Title] OR HbS[Title] OR hemoglobinopathies[Title] OR haemoglobinopathies[Title]) AND (newborn[Title] OR neonatal[Title]) AND (""2014/01/01""[Date - Publication] : ""2026/09/11""[Date - Publication])"	2026-09-11T11:44:52Z	pmid:39728397	pending		hbs-newborn-external@2026-09-11.1
pubmed:1b4655ae01fb68274fad8eff9541aa0bd68d1cf62a2e4f0d6338b818b2bbfca1	hbs-newborn-external	pubmed	"(""sickle cell""[Title] OR ""hemoglobin S""[Title] OR ""haemoglobin S""[Title] OR HbS[Title] OR hemoglobinopathies[Title] OR haemoglobinopathies[Title]) AND (newborn[Title] OR neonatal[Title]) AND (""2014/01/01""[Date - Publication] : ""2026/09/11""[Date - Publication])"	2026-09-11T11:44:52Z	pmid:39735783	pending		hbs-newborn-external@2026-09-11.1
pubmed:1b4655ae01fb68274fad8eff9541aa0bd68d1cf62a2e4f0d6338b818b2bbfca1	hbs-newborn-external	pubmed	"(""sickle cell""[Title] OR ""hemoglobin S""[Title] OR ""haemoglobin S""[Title] OR HbS[Title] OR hemoglobinopathies[Title] OR haemoglobinopathies[Title]) AND (newborn[Title] OR neonatal[Title]) AND (""2014/01/01""[Date - Publication] : ""2026/09/11""[Date - Publication])"	2026-09-11T11:44:52Z	pmid:39754675	pending		hbs-newborn-external@2026-09-11.1
pubmed:1b4655ae01fb68274fad8eff9541aa0bd68d1cf62a2e4f0d6338b818b2bbfca1	hbs-newborn-external	pubmed	"(""sickle cell""[Title] OR ""hemoglobin S""[Title] OR ""haemoglobin S""[Title] OR HbS[Title] OR hemoglobinopathies[Title] OR haemoglobinopathies[Title]) AND (newborn[Title] OR neonatal[Title]) AND (""2014/01/01""[Date - Publication] : ""2026/09/11""[Date - Publication])"	2026-09-11T11:44:52Z	pmid:39839431	pending		hbs-newborn-external@2026-09-11.1
pubmed:1b4655ae01fb68274fad8eff9541aa0bd68d1cf62a2e4f0d6338b818b2bbfca1	hbs-newborn-external	pubmed	"(""sickle cell""[Title] OR ""hemoglobin S""[Title] OR ""haemoglobin S""[Title] OR HbS[Title] OR hemoglobinopathies[Title] OR haemoglobinopathies[Title]) AND (newborn[Title] OR neonatal[Title]) AND (""2014/01/01""[Date - Publication] : ""2026/09/11""[Date - Publication])"	2026-09-11T11:44:52Z	pmid:39926832	pending		hbs-newborn-external@2026-09-11.1
pubmed:1b4655ae01fb68274fad8eff9541aa0bd68d1cf62a2e4f0d6338b818b2bbfca1	hbs-newborn-external	pubmed	"(""sickle cell""[Title] OR ""hemoglobin S""[Title] OR ""haemoglobin S""[Title] OR HbS[Title] OR hemoglobinopathies[Title] OR haemoglobinopathies[Title]) AND (newborn[Title] OR neonatal[Title]) AND (""2014/01/01""[Date - Publication] : ""2026/09/11""[Date - Publication])"	2026-09-11T11:44:52Z	pmid:39982344	pending		hbs-newborn-external@2026-09-11.1
pubmed:1b4655ae01fb68274fad8eff9541aa0bd68d1cf62a2e4f0d6338b818b2bbfca1	hbs-newborn-external	pubmed	"(""sickle cell""[Title] OR ""hemoglobin S""[Title] OR ""haemoglobin S""[Title] OR HbS[Title] OR hemoglobinopathies[Title] OR haemoglobinopathies[Title]) AND (newborn[Title] OR neonatal[Title]) AND (""2014/01/01""[Date - Publication] : ""2026/09/11""[Date - Publication])"	2026-09-11T11:44:52Z	pmid:39982346	pending		hbs-newborn-external@2026-09-11.1
pubmed:1b4655ae01fb68274fad8eff9541aa0bd68d1cf62a2e4f0d6338b818b2bbfca1	hbs-newborn-external	pubmed	"(""sickle cell""[Title] OR ""hemoglobin S""[Title] OR ""haemoglobin S""[Title] OR HbS[Title] OR hemoglobinopathies[Title] OR haemoglobinopathies[Title]) AND (newborn[Title] OR neonatal[Title]) AND (""2014/01/01""[Date - Publication] : ""2026/09/11""[Date - Publication])"	2026-09-11T11:44:52Z	pmid:40053336	pending		hbs-newborn-external@2026-09-11.1
pubmed:1b4655ae01fb68274fad8eff9541aa0bd68d1cf62a2e4f0d6338b818b2bbfca1	hbs-newborn-external	pubmed	"(""sickle cell""[Title] OR ""hemoglobin S""[Title] OR ""haemoglobin S""[Title] OR HbS[Title] OR hemoglobinopathies[Title] OR haemoglobinopathies[Title]) AND (newborn[Title] OR neonatal[Title]) AND (""2014/01/01""[Date - Publication] : ""2026/09/11""[Date - Publication])"	2026-09-11T11:44:52Z	pmid:40059892	pending		hbs-newborn-external@2026-09-11.1
pubmed:1b4655ae01fb68274fad8eff9541aa0bd68d1cf62a2e4f0d6338b818b2bbfca1	hbs-newborn-external	pubmed	"(""sickle cell""[Title] OR ""hemoglobin S""[Title] OR ""haemoglobin S""[Title] OR HbS[Title] OR hemoglobinopathies[Title] OR haemoglobinopathies[Title]) AND (newborn[Title] OR neonatal[Title]) AND (""2014/01/01""[Date - Publication] : ""2026/09/11""[Date - Publication])"	2026-09-11T11:44:52Z	pmid:40102765	pending		hbs-newborn-external@2026-09-11.1
pubmed:1b4655ae01fb68274fad8eff9541aa0bd68d1cf62a2e4f0d6338b818b2bbfca1	hbs-newborn-external	pubmed	"(""sickle cell""[Title] OR ""hemoglobin S""[Title] OR ""haemoglobin S""[Title] OR HbS[Title] OR hemoglobinopathies[Title] OR haemoglobinopathies[Title]) AND (newborn[Title] OR neonatal[Title]) AND (""2014/01/01""[Date - Publication] : ""2026/09/11""[Date - Publication])"	2026-09-11T11:44:52Z	pmid:40150073	pending		hbs-newborn-external@2026-09-11.1
pubmed:1b4655ae01fb68274fad8eff9541aa0bd68d1cf62a2e4f0d6338b818b2bbfca1	hbs-newborn-external	pubmed	"(""sickle cell""[Title] OR ""hemoglobin S""[Title] OR ""haemoglobin S""[Title] OR HbS[Title] OR hemoglobinopathies[Title] OR haemoglobinopathies[Title]) AND (newborn[Title] OR neonatal[Title]) AND (""2014/01/01""[Date - Publication] : ""2026/09/11""[Date - Publication])"	2026-09-11T11:44:52Z	pmid:40365233	pending		hbs-newborn-external@2026-09-11.1
pubmed:1b4655ae01fb68274fad8eff9541aa0bd68d1cf62a2e4f0d6338b818b2bbfca1	hbs-newborn-external	pubmed	"(""sickle cell""[Title] OR ""hemoglobin S""[Title] OR ""haemoglobin S""[Title] OR HbS[Title] OR hemoglobinopathies[Title] OR haemoglobinopathies[Title]) AND (newborn[Title] OR neonatal[Title]) AND (""2014/01/01""[Date - Publication] : ""2026/09/11""[Date - Publication])"	2026-09-11T11:44:52Z	pmid:40510679	pending		hbs-newborn-external@2026-09-11.1
pubmed:1b4655ae01fb68274fad8eff9541aa0bd68d1cf62a2e4f0d6338b818b2bbfca1	hbs-newborn-external	pubmed	"(""sickle cell""[Title] OR ""hemoglobin S""[Title] OR ""haemoglobin S""[Title] OR HbS[Title] OR hemoglobinopathies[Title] OR haemoglobinopathies[Title]) AND (newborn[Title] OR neonatal[Title]) AND (""2014/01/01""[Date - Publication] : ""2026/09/11""[Date - Publication])"	2026-09-11T11:44:52Z	pmid:40518680	pending		hbs-newborn-external@2026-09-11.1
pubmed:1b4655ae01fb68274fad8eff9541aa0bd68d1cf62a2e4f0d6338b818b2bbfca1	hbs-newborn-external	pubmed	"(""sickle cell""[Title] OR ""hemoglobin S""[Title] OR ""haemoglobin S""[Title] OR HbS[Title] OR hemoglobinopathies[Title] OR haemoglobinopathies[Title]) AND (newborn[Title] OR neonatal[Title]) AND (""2014/01/01""[Date - Publication] : ""2026/09/11""[Date - Publication])"	2026-09-11T11:44:52Z	pmid:40705716	pending		hbs-newborn-external@2026-09-11.1
pubmed:1b4655ae01fb68274fad8eff9541aa0bd68d1cf62a2e4f0d6338b818b2bbfca1	hbs-newborn-external	pubmed	"(""sickle cell""[Title] OR ""hemoglobin S""[Title] OR ""haemoglobin S""[Title] OR HbS[Title] OR hemoglobinopathies[Title] OR haemoglobinopathies[Title]) AND (newborn[Title] OR neonatal[Title]) AND (""2014/01/01""[Date - Publication] : ""2026/09/11""[Date - Publication])"	2026-09-11T11:44:52Z	pmid:40754198	pending		hbs-newborn-external@2026-09-11.1
pubmed:1b4655ae01fb68274fad8eff9541aa0bd68d1cf62a2e4f0d6338b818b2bbfca1	hbs-newborn-external	pubmed	"(""sickle cell""[Title] OR ""hemoglobin S""[Title] OR ""haemoglobin S""[Title] OR HbS[Title] OR hemoglobinopathies[Title] OR haemoglobinopathies[Title]) AND (newborn[Title] OR neonatal[Title]) AND (""2014/01/01""[Date - Publication] : ""2026/09/11""[Date - Publication])"	2026-09-11T11:44:52Z	pmid:40819071	pending		hbs-newborn-external@2026-09-11.1
pubmed:1b4655ae01fb68274fad8eff9541aa0bd68d1cf62a2e4f0d6338b818b2bbfca1	hbs-newborn-external	pubmed	"(""sickle cell""[Title] OR ""hemoglobin S""[Title] OR ""haemoglobin S""[Title] OR HbS[Title] OR hemoglobinopathies[Title] OR haemoglobinopathies[Title]) AND (newborn[Title] OR neonatal[Title]) AND (""2014/01/01""[Date - Publication] : ""2026/09/11""[Date - Publication])"	2026-09-11T11:44:52Z	pmid:40885912	pending		hbs-newborn-external@2026-09-11.1
pubmed:1b4655ae01fb68274fad8eff9541aa0bd68d1cf62a2e4f0d6338b818b2bbfca1	hbs-newborn-external	pubmed	"(""sickle cell""[Title] OR ""hemoglobin S""[Title] OR ""haemoglobin S""[Title] OR HbS[Title] OR hemoglobinopathies[Title] OR haemoglobinopathies[Title]) AND (newborn[Title] OR neonatal[Title]) AND (""2014/01/01""[Date - Publication] : ""2026/09/11""[Date - Publication])"	2026-09-11T11:44:52Z	pmid:40932173	pending		hbs-newborn-external@2026-09-11.1
pubmed:1b4655ae01fb68274fad8eff9541aa0bd68d1cf62a2e4f0d6338b818b2bbfca1	hbs-newborn-external	pubmed	"(""sickle cell""[Title] OR ""hemoglobin S""[Title] OR ""haemoglobin S""[Title] OR HbS[Title] OR hemoglobinopathies[Title] OR haemoglobinopathies[Title]) AND (newborn[Title] OR neonatal[Title]) AND (""2014/01/01""[Date - Publication] : ""2026/09/11""[Date - Publication])"	2026-09-11T11:44:52Z	pmid:41017254	pending		hbs-newborn-external@2026-09-11.1
pubmed:1b4655ae01fb68274fad8eff9541aa0bd68d1cf62a2e4f0d6338b818b2bbfca1	hbs-newborn-external	pubmed	"(""sickle cell""[Title] OR ""hemoglobin S""[Title] OR ""haemoglobin S""[Title] OR HbS[Title] OR hemoglobinopathies[Title] OR haemoglobinopathies[Title]) AND (newborn[Title] OR neonatal[Title]) AND (""2014/01/01""[Date - Publication] : ""2026/09/11""[Date - Publication])"	2026-09-11T11:44:52Z	pmid:41050436	pending		hbs-newborn-external@2026-09-11.1
pubmed:1b4655ae01fb68274fad8eff9541aa0bd68d1cf62a2e4f0d6338b818b2bbfca1	hbs-newborn-external	pubmed	"(""sickle cell""[Title] OR ""hemoglobin S""[Title] OR ""haemoglobin S""[Title] OR HbS[Title] OR hemoglobinopathies[Title] OR haemoglobinopathies[Title]) AND (newborn[Title] OR neonatal[Title]) AND (""2014/01/01""[Date - Publication] : ""2026/09/11""[Date - Publication])"	2026-09-11T11:44:52Z	pmid:41166322	pending		hbs-newborn-external@2026-09-11.1
pubmed:1b4655ae01fb68274fad8eff9541aa0bd68d1cf62a2e4f0d6338b818b2bbfca1	hbs-newborn-external	pubmed	"(""sickle cell""[Title] OR ""hemoglobin S""[Title] OR ""haemoglobin S""[Title] OR HbS[Title] OR hemoglobinopathies[Title] OR haemoglobinopathies[Title]) AND (newborn[Title] OR neonatal[Title]) AND (""2014/01/01""[Date - Publication] : ""2026/09/11""[Date - Publication])"	2026-09-11T11:44:52Z	pmid:41207731	pending		hbs-newborn-external@2026-09-11.1
pubmed:1b4655ae01fb68274fad8eff9541aa0bd68d1cf62a2e4f0d6338b818b2bbfca1	hbs-newborn-external	pubmed	"(""sickle cell""[Title] OR ""hemoglobin S""[Title] OR ""haemoglobin S""[Title] OR HbS[Title] OR hemoglobinopathies[Title] OR haemoglobinopathies[Title]) AND (newborn[Title] OR neonatal[Title]) AND (""2014/01/01""[Date - Publication] : ""2026/09/11""[Date - Publication])"	2026-09-11T11:44:52Z	pmid:41283369	pending		hbs-newborn-external@2026-09-11.1
pubmed:1b4655ae01fb68274fad8eff9541aa0bd68d1cf62a2e4f0d6338b818b2bbfca1	hbs-newborn-external	pubmed	"(""sickle cell""[Title] OR ""hemoglobin S""[Title] OR ""haemoglobin S""[Title] OR HbS[Title] OR hemoglobinopathies[Title] OR haemoglobinopathies[Title]) AND (newborn[Title] OR neonatal[Title]) AND (""2014/01/01""[Date - Publication] : ""2026/09/11""[Date - Publication])"	2026-09-11T11:44:52Z	pmid:41531167	pending		hbs-newborn-external@2026-09-11.1
pubmed:1b4655ae01fb68274fad8eff9541aa0bd68d1cf62a2e4f0d6338b818b2bbfca1	hbs-newborn-external	pubmed	"(""sickle cell""[Title] OR ""hemoglobin S""[Title] OR ""haemoglobin S""[Title] OR HbS[Title] OR hemoglobinopathies[Title] OR haemoglobinopathies[Title]) AND (newborn[Title] OR neonatal[Title]) AND (""2014/01/01""[Date - Publication] : ""2026/09/11""[Date - Publication])"	2026-09-11T11:44:52Z	pmid:41558590	pending		hbs-newborn-external@2026-09-11.1
pubmed:1b4655ae01fb68274fad8eff9541aa0bd68d1cf62a2e4f0d6338b818b2bbfca1	hbs-newborn-external	pubmed	"(""sickle cell""[Title] OR ""hemoglobin S""[Title] OR ""haemoglobin S""[Title] OR HbS[Title] OR hemoglobinopathies[Title] OR haemoglobinopathies[Title]) AND (newborn[Title] OR neonatal[Title]) AND (""2014/01/01""[Date - Publication] : ""2026/09/11""[Date - Publication])"	2026-09-11T11:44:52Z	pmid:41718418	pending		hbs-newborn-external@2026-09-11.1
pubmed:1b4655ae01fb68274fad8eff9541aa0bd68d1cf62a2e4f0d6338b818b2bbfca1	hbs-newborn-external	pubmed	"(""sickle cell""[Title] OR ""hemoglobin S""[Title] OR ""haemoglobin S""[Title] OR HbS[Title] OR hemoglobinopathies[Title] OR haemoglobinopathies[Title]) AND (newborn[Title] OR neonatal[Title]) AND (""2014/01/01""[Date - Publication] : ""2026/09/11""[Date - Publication])"	2026-09-11T11:44:52Z	pmid:41718422	pending		hbs-newborn-external@2026-09-11.1
pubmed:1b4655ae01fb68274fad8eff9541aa0bd68d1cf62a2e4f0d6338b818b2bbfca1	hbs-newborn-external	pubmed	"(""sickle cell""[Title] OR ""hemoglobin S""[Title] OR ""haemoglobin S""[Title] OR HbS[Title] OR hemoglobinopathies[Title] OR haemoglobinopathies[Title]) AND (newborn[Title] OR neonatal[Title]) AND (""2014/01/01""[Date - Publication] : ""2026/09/11""[Date - Publication])"	2026-09-11T11:44:52Z	pmid:41719825	pending		hbs-newborn-external@2026-09-11.1
pubmed:1b4655ae01fb68274fad8eff9541aa0bd68d1cf62a2e4f0d6338b818b2bbfca1	hbs-newborn-external	pubmed	"(""sickle cell""[Title] OR ""hemoglobin S""[Title] OR ""haemoglobin S""[Title] OR HbS[Title] OR hemoglobinopathies[Title] OR haemoglobinopathies[Title]) AND (newborn[Title] OR neonatal[Title]) AND (""2014/01/01""[Date - Publication] : ""2026/09/11""[Date - Publication])"	2026-09-11T11:44:52Z	pmid:41746396	pending		hbs-newborn-external@2026-09-11.1
pubmed:1b4655ae01fb68274fad8eff9541aa0bd68d1cf62a2e4f0d6338b818b2bbfca1	hbs-newborn-external	pubmed	"(""sickle cell""[Title] OR ""hemoglobin S""[Title] OR ""haemoglobin S""[Title] OR HbS[Title] OR hemoglobinopathies[Title] OR haemoglobinopathies[Title]) AND (newborn[Title] OR neonatal[Title]) AND (""2014/01/01""[Date - Publication] : ""2026/09/11""[Date - Publication])"	2026-09-11T11:44:52Z	pmid:41776624	pending		hbs-newborn-external@2026-09-11.1
pubmed:1b4655ae01fb68274fad8eff9541aa0bd68d1cf62a2e4f0d6338b818b2bbfca1	hbs-newborn-external	pubmed	"(""sickle cell""[Title] OR ""hemoglobin S""[Title] OR ""haemoglobin S""[Title] OR HbS[Title] OR hemoglobinopathies[Title] OR haemoglobinopathies[Title]) AND (newborn[Title] OR neonatal[Title]) AND (""2014/01/01""[Date - Publication] : ""2026/09/11""[Date - Publication])"	2026-09-11T11:44:52Z	pmid:41811970	pending		hbs-newborn-external@2026-09-11.1
pubmed:1b4655ae01fb68274fad8eff9541aa0bd68d1cf62a2e4f0d6338b818b2bbfca1	hbs-newborn-external	pubmed	"(""sickle cell""[Title] OR ""hemoglobin S""[Title] OR ""haemoglobin S""[Title] OR HbS[Title] OR hemoglobinopathies[Title] OR haemoglobinopathies[Title]) AND (newborn[Title] OR neonatal[Title]) AND (""2014/01/01""[Date - Publication] : ""2026/09/11""[Date - Publication])"	2026-09-11T11:44:52Z	pmid:41856275	pending		hbs-newborn-external@2026-09-11.1
pubmed:1b4655ae01fb68274fad8eff9541aa0bd68d1cf62a2e4f0d6338b818b2bbfca1	hbs-newborn-external	pubmed	"(""sickle cell""[Title] OR ""hemoglobin S""[Title] OR ""haemoglobin S""[Title] OR HbS[Title] OR hemoglobinopathies[Title] OR haemoglobinopathies[Title]) AND (newborn[Title] OR neonatal[Title]) AND (""2014/01/01""[Date - Publication] : ""2026/09/11""[Date - Publication])"	2026-09-11T11:44:52Z	pmid:41956116	pending		hbs-newborn-external@2026-09-11.1
pubmed:1b4655ae01fb68274fad8eff9541aa0bd68d1cf62a2e4f0d6338b818b2bbfca1	hbs-newborn-external	pubmed	"(""sickle cell""[Title] OR ""hemoglobin S""[Title] OR ""haemoglobin S""[Title] OR HbS[Title] OR hemoglobinopathies[Title] OR haemoglobinopathies[Title]) AND (newborn[Title] OR neonatal[Title]) AND (""2014/01/01""[Date - Publication] : ""2026/09/11""[Date - Publication])"	2026-09-11T11:44:52Z	pmid:42029542	pending		hbs-newborn-external@2026-09-11.1
pubmed:1b4655ae01fb68274fad8eff9541aa0bd68d1cf62a2e4f0d6338b818b2bbfca1	hbs-newborn-external	pubmed	"(""sickle cell""[Title] OR ""hemoglobin S""[Title] OR ""haemoglobin S""[Title] OR HbS[Title] OR hemoglobinopathies[Title] OR haemoglobinopathies[Title]) AND (newborn[Title] OR neonatal[Title]) AND (""2014/01/01""[Date - Publication] : ""2026/09/11""[Date - Publication])"	2026-09-11T11:44:52Z	pmid:42040672	pending		hbs-newborn-external@2026-09-11.1
pubmed:1b4655ae01fb68274fad8eff9541aa0bd68d1cf62a2e4f0d6338b818b2bbfca1	hbs-newborn-external	pubmed	"(""sickle cell""[Title] OR ""hemoglobin S""[Title] OR ""haemoglobin S""[Title] OR HbS[Title] OR hemoglobinopathies[Title] OR haemoglobinopathies[Title]) AND (newborn[Title] OR neonatal[Title]) AND (""2014/01/01""[Date - Publication] : ""2026/09/11""[Date - Publication])"	2026-09-11T11:44:52Z	pmid:42060516	pending		hbs-newborn-external@2026-09-11.1
pubmed:1b4655ae01fb68274fad8eff9541aa0bd68d1cf62a2e4f0d6338b818b2bbfca1	hbs-newborn-external	pubmed	"(""sickle cell""[Title] OR ""hemoglobin S""[Title] OR ""haemoglobin S""[Title] OR HbS[Title] OR hemoglobinopathies[Title] OR haemoglobinopathies[Title]) AND (newborn[Title] OR neonatal[Title]) AND (""2014/01/01""[Date - Publication] : ""2026/09/11""[Date - Publication])"	2026-09-11T11:44:52Z	pmid:42346731	pending		hbs-newborn-external@2026-09-11.1
pubmed:1b4655ae01fb68274fad8eff9541aa0bd68d1cf62a2e4f0d6338b818b2bbfca1	hbs-newborn-external	pubmed	"(""sickle cell""[Title] OR ""hemoglobin S""[Title] OR ""haemoglobin S""[Title] OR HbS[Title] OR hemoglobinopathies[Title] OR haemoglobinopathies[Title]) AND (newborn[Title] OR neonatal[Title]) AND (""2014/01/01""[Date - Publication] : ""2026/09/11""[Date - Publication])"	2026-09-11T11:44:52Z	pmid:42619451	pending		hbs-newborn-external@2026-09-11.1
pubmed:1b4655ae01fb68274fad8eff9541aa0bd68d1cf62a2e4f0d6338b818b2bbfca1	hbs-newborn-external	pubmed	"(""sickle cell""[Title] OR ""hemoglobin S""[Title] OR ""haemoglobin S""[Title] OR HbS[Title] OR hemoglobinopathies[Title] OR haemoglobinopathies[Title]) AND (newborn[Title] OR neonatal[Title]) AND (""2014/01/01""[Date - Publication] : ""2026/09/11""[Date - Publication])"	2026-09-11T11:44:52Z	pmid:42708011	pending		hbs-newborn-external@2026-09-11.1
pubmed:1b4655ae01fb68274fad8eff9541aa0bd68d1cf62a2e4f0d6338b818b2bbfca1	hbs-newborn-external	pubmed	"(""sickle cell""[Title] OR ""hemoglobin S""[Title] OR ""haemoglobin S""[Title] OR HbS[Title] OR hemoglobinopathies[Title] OR haemoglobinopathies[Title]) AND (newborn[Title] OR neonatal[Title]) AND (""2014/01/01""[Date - Publication] : ""2026/09/11""[Date - Publication])"	2026-09-11T11:44:52Z	pmid:42712627	pending		hbs-newborn-external@2026-09-11.1
