drugid,name,guidelineid,clinpgxid
ATC:C09AA,"Ace Inhibitors, Plain",,PA164712308
ATC:C10AA,"hmg coa reductase inhibitors",,PA133950441
ATC:D06AX07,gentamicin,826283,PA449753
ATC:G03A,"hormonal contraceptives for systemic use",,PA452637
ATC:J01G,"aminoglycoside antibacterials",,PA452167
ATC:L01A,"Alkylating Agents",,PA164712331
ATC:L01DB,"anthracyclines and related substances",,PA130620651
ATC:L01XA,"Platinum compounds",,PA164713176
ATC:L04AB,"Tumor necrosis factor alpha (TNF-alpha) inhibitors",,PA164713366
ATC:M01AH06,lumiracoxib,110058,PA164769031
ATC:M05BA,Bisphosphonates,,PA164712563
ATC:N05A,antipsychotics,,PA452233
ATC:N06A,antidepressants,,PA452229
ATC:N06AB,"Selective serotonin reuptake inhibitors",,PA164713257
Drugbank:DB09290,ramosetron,100417,PA166365201
Drugbank:DB12752,bucindolol,,PA165945764
MedDRA:10037794,radiotherapy,,PA166122986
MeSH:C515878,ataluren,,PA166151864
MeSH:D013449,sulfonamides,,PA10772
RxNorm:10109,streptomycin,826283,PA451512
RxNorm:1011650,pegloticase,2405438,PA165963961
RxNorm:10154,succinylcholine,100427,PA451522
RxNorm:10169,sulfacetamide,2405438,PA451536
RxNorm:10171,sulfadiazine,2405438,PA451539
RxNorm:10178,sulfadimidine,2405438,PA451542
RxNorm:10184,sulfanilamide,2405438,PA451545
RxNorm:10207,sulfisoxazole,2405438,PA164748964
RxNorm:1025342,l-methylfolate,,PA166182939
RxNorm:103,mercaptopurine,100428,PA450379
RxNorm:10324,tamoxifen,100415,PA451581
RxNorm:10390,tetrabenazine,,PA140222719
RxNorm:10485,thioguanine,100428,PA451663
RxNorm:10502,thioridazine,,PA451666
RxNorm:10600,timolol,,PA451690
RxNorm:10627,tobramycin,826283,PA451704
RxNorm:10633,tolazamide,2405438,PA164774902
RxNorm:10635,tolbutamide,2405438,PA451718
RxNorm:10638,"toluidine blue",2405438,PA166268821
RxNorm:10689,tramadol,100416,PA451735
RxNorm:10759,triamcinolone,,PA451749
RxNorm:10831,"sulfamethoxazole / trimethoprim",2405438,PA10715
RxNorm:10834,trimipramine,100414,PA451791
RxNorm:1086769,vilazodone,100413,PA165958365
RxNorm:11118,"valproic acid",,PA451846
RxNorm:11258,"vitamin k",2405438,PA164713404
RxNorm:11289,warfarin,100425,PA451906
RxNorm:114176,zuclopenthixol,,PA452629
RxNorm:114979,rabeprazole,110076,PA451216
RxNorm:1151,"vitamin c",2405438,PA451898
RxNorm:115698,ziprasidone,,PA451974
RxNorm:117466,tenofovir,,PA10204
RxNorm:1191,aspirin,2405438,PA448497
RxNorm:119565,tolterodine,,PA164746757
RxNorm:1202,atenolol,5290480,PA448499
RxNorm:120608,"peginterferon alfa-2a",100424,PA164749390
RxNorm:121191,rituximab,,PA451261
RxNorm:121243,voriconazole,100410,PA10233
RxNorm:1243041,ivacaftor,100409,PA165950341
RxNorm:1256,azathioprine,100428,PA448515
RxNorm:12574,gemcitabine,,PA449748
RxNorm:1300786,mirabegron,,PA166177513
RxNorm:1311280,platinum,,PA150595617
RxNorm:135447,donepezil,,PA449394
RxNorm:136198,darifenacin,,PA164774901
RxNorm:136411,sildenafil,,PA451346
RxNorm:139462,moxifloxacin,2405438,PA450555
RxNorm:140587,celecoxib,110058,PA448871
RxNorm:1424911,dabrafenib,2405438,PA166114911
RxNorm:1425099,trametinib,2405438,PA166115364
RxNorm:1433212,levomilnacipran,100413,PA166182150
RxNorm:1433868,dolutegravir,,PA166114961
RxNorm:1455099,vortioxetine,100413,PA166122595
RxNorm:149,acebutolol,5290480,PA448011
RxNorm:1520,betaxolol,5290480,PA448611
RxNorm:154,acenocoumarol,,PA452632
RxNorm:1543543,belinostat,,PA165971474
RxNorm:1547220,eliglustat,,PA166123486
RxNorm:15996,mirtazapine,,PA450522
RxNorm:1658314,brexpiprazole,,PA166160053
RxNorm:1665509,flibanserin,,PA166153431
RxNorm:16689,aceclofenac,110058,PA166049185
RxNorm:1673265,"aripiprazole lauroxil",,PA166161216
RxNorm:17128,lansoprazole,110076,PA450180
RxNorm:1731031,lesinurad,,PA166160006
RxNorm:1739745,brivaracetam,,PA166153491
RxNorm:1819,buprenorphine,100416,PA448685
RxNorm:1876905,deutetrabenazine,,PA166169881
RxNorm:1886,caffeine,,PA448710
RxNorm:190521,abacavir,100421,PA448004
RxNorm:1918219,valbenazine,,PA166170051
RxNorm:191831,infliximab,,PA452639
RxNorm:194000,capecitabine,100419,PA448771
RxNorm:19484,bisoprolol,5290480,PA448641
RxNorm:195085,efavirenz,104245,PA449441
RxNorm:19831,budesonide,,PA448681
RxNorm:1998,captopril,,PA448780
RxNorm:2002,carbamazepine,100423,PA448785
RxNorm:2020,carbimazole,,PA164742970
RxNorm:20352,carvedilol,5290480,PA448817
RxNorm:2045726,avatrombopag,,PA166179849
RxNorm:2049549,plazomicin,826283,PA166228921
RxNorm:2049846,elagolix,,PA166182348
RxNorm:2054023,tafenoquine,2405438,PA166115580
RxNorm:20890,lornoxicam,110058,PA165958395
RxNorm:2101,carisoprodol,,PA448809
RxNorm:2106337,"amifampridine phosphate",,PA166182002
RxNorm:2106338,amifampridine,,PA166185150
RxNorm:2121085,siponimod,,PA166182736
RxNorm:2123125,erdafitinib,,PA166182720
RxNorm:21241,clobazam,,PA10888
RxNorm:214555,etanercept,,PA449515
RxNorm:2197878,pitolisant,,PA166185163
RxNorm:224925,dronabinol,,PA449421
RxNorm:2348,chloramphenicol,2405438,PA448927
RxNorm:236913,levomethadone,100416,PA166227621
RxNorm:2392230,oliceridine,,PA166223601
RxNorm:2393,chloroquine,2405438,PA448948
RxNorm:2404,chlorpropamide,2405438,PA448966
RxNorm:253453,"peginterferon alfa-2b",100424,PA164784024
RxNorm:2551,ciprofloxacin,2405438,PA449009
RxNorm:2555,cisplatin,,PA449014
RxNorm:2556,citalopram,100413,PA449015
RxNorm:25789,glimepiride,2405438,PA449761
RxNorm:2597,clomipramine,100414,PA449048
RxNorm:26225,ondansetron,100417,PA450705
RxNorm:2626,clozapine,,PA449061
RxNorm:266856,"divalproex sodium",,PA164783479
RxNorm:2670,codeine,100416,PA449088
RxNorm:27340,desflurane,100427,PA164749136
RxNorm:27392,tropisetron,100417,PA161925594
RxNorm:283742,esomeprazole,110076,PA10075
RxNorm:283821,rasburicase,2405438,PA10176
RxNorm:28439,lamotrigine,,PA450164
RxNorm:284635,fluticasone/salmeterol,,PA165290926
RxNorm:28863,lofexidine,,PA164744510
RxNorm:3002,cyclophosphamide,,PA449165
RxNorm:30077,mivacurium,,PA450528
RxNorm:3008,cyclosporine,,PA449167
RxNorm:30125,modafinil,,PA450530
RxNorm:301542,rosuvastatin,100426,PA134308647
RxNorm:3108,dapsone,2405438,PA449211
RxNorm:3109,daunorubicin,,PA449212
RxNorm:31448,nabumetone,110058,PA450572
RxNorm:31555,nebivolol,5290480,PA151958426
RxNorm:31748,nicorandil,2405438,PA166184081
RxNorm:318341,cetuximab,,PA10040
RxNorm:321988,escitalopram,100413,PA10074
RxNorm:3247,desipramine,100414,PA449233
RxNorm:32592,oxaliplatin,,PA131285527
RxNorm:32624,oxcarbazepine,100423,PA450732
RxNorm:327361,adalimumab,,PA10004
RxNorm:328134,gefitinib,,PA131301952
RxNorm:3289,dextromethorphan,,PA449273
RxNorm:32937,paroxetine,100413,PA450801
RxNorm:32968,clopidogrel,100411,PA449053
RxNorm:3322,diazepam,,PA449283
RxNorm:3328,dibekacin,826283,PA166292901
RxNorm:3355,diclofenac,110058,PA449293
RxNorm:3407,digoxin,,PA449319
RxNorm:3423,hydromorphone,100416,PA449918
RxNorm:343047,atazanavir,100429,PA10251
RxNorm:3445,dimercaprol,2405438,PA165958406
RxNorm:3523,metamizole,110058,PA166128206
RxNorm:35302,sirolimus,,PA451365
RxNorm:35636,risperidone,,PA451257
RxNorm:357977,sunitinib,,PA162372840
RxNorm:36117,salmeterol,,PA451300
RxNorm:3638,doxepin,100414,PA449409
RxNorm:3639,doxorubicin,2405438,PA449412
RxNorm:36437,sertraline,100413,PA451333
RxNorm:36453,sevoflurane,100427,PA451341
RxNorm:36567,simvastatin,100426,PA451363
RxNorm:37790,tenoxicam,110058,PA131890625
RxNorm:37801,terbinafine,,PA451614
RxNorm:38400,atomoxetine,104243,PA134688071
RxNorm:3920,enflurane,100427,PA449461
RxNorm:39786,venlafaxine,100413,PA451866
RxNorm:3995,epirubicin,,PA449476
RxNorm:40048,carboplatin,,PA448803
RxNorm:401713,"carglumic acid",,PA165958402
RxNorm:4053,erythromycin,,PA449493
RxNorm:40790,pantoprazole,110076,PA450774
RxNorm:41127,fluvastatin,100426,PA449688
RxNorm:41493,meloxicam,110058,PA450353
RxNorm:4179,etoposide,,PA449552
RxNorm:42316,tacrolimus,100418,PA451578
RxNorm:42347,bupropion,,PA448687
RxNorm:42355,fluvoxamine,100413,PA449690
RxNorm:42463,pravastatin,100426,PA451089
RxNorm:4337,fentanyl,100416,PA449599
RxNorm:435,salbutamol,,PA448068
RxNorm:43611,latanoprost,,PA164774763
RxNorm:44281,cevimeline,,PA164754754
RxNorm:4441,flecainide,,PA449646
RxNorm:448,ethanol,,PA448073
RxNorm:4492,fluorouracil,100419,PA128406956
RxNorm:4493,fluoxetine,100413,PA449673
RxNorm:4502,flurbiprofen,110058,PA449683
RxNorm:4582,tegafur,100419,PA452620
RxNorm:4601,furazolidone,2405438,PA164746760
RxNorm:4603,furosemide,,PA449719
RxNorm:46041,alendronate,,PA448082
RxNorm:46303,amisulpride,,PA162565877
RxNorm:4637,galantamine,,PA449726
RxNorm:480,alfentanil,100416,PA448084
RxNorm:480167,lapatinib,,PA152241907
RxNorm:4815,glyburide,2405438,PA449782
RxNorm:4816,gliclazide,2405438,PA10892
RxNorm:4821,glipizide,2405438,PA449762
RxNorm:49737,esmolol,5290480,PA449500
RxNorm:50121,"fluticasone propionate",,PA449686
RxNorm:5093,haloperidol,,PA449841
RxNorm:5095,halothane,100427,PA449845
RxNorm:51272,quetiapine,,PA451201
RxNorm:51499,irinotecan,,PA450085
RxNorm:519,allopurinol,100422,PA448320
RxNorm:52582,mesalazine,2405438,PA450384
RxNorm:53654,nevirapine,,PA450616
RxNorm:5470,hydralazine,6478852,PA449894
RxNorm:5487,hydrochlorothiazide,,PA449899
RxNorm:5489,hydrocodone,100416,PA449900
RxNorm:5521,hydroxychloroquine,2405438,PA164777036
RxNorm:5640,ibuprofen,110058,PA449957
RxNorm:5650,idarubicin,,PA449961
RxNorm:56795,sufentanil,100416,PA451527
RxNorm:5691,imipramine,100414,PA449969
RxNorm:5781,indomethacin,110058,PA449982
RxNorm:5880,"interferon alfa-2b, recombinant",,PA164783990
RxNorm:588250,milnacipran,100413,PA164752812
RxNorm:596723,cerivastatin,,PA448897
RxNorm:6026,isoflurane,100427,PA450106
RxNorm:6038,isoniazid,,PA450112
RxNorm:6058,"isosorbide dinitrate",,PA450125
RxNorm:6099,kanamycin,826283,PA450137
RxNorm:61381,olanzapine,,PA450688
RxNorm:6185,labetalol,5290480,PA164743150
RxNorm:6313,leucovorin,,PA450198
RxNorm:6387,lidocaine,,PA450226
RxNorm:641,amikacin,826283,PA164744372
RxNorm:6472,lovastatin,100426,PA450272
RxNorm:6572,mafenide,2405438,PA166114925
RxNorm:662281,nilotinib,,PA165958345
RxNorm:6676,meclizine,,PA450338
RxNorm:6694,mefloquine,,PA450348
RxNorm:679314,paliperidone,,PA163518919
RxNorm:6809,metformin,,PA450395
RxNorm:68091,dolasetron,100417,PA449390
RxNorm:6813,methadone,100416,PA450401
RxNorm:6826,methazolamide,,PA450413
RxNorm:6835,methimazole,,PA450422
RxNorm:6851,methotrexate,,PA450428
RxNorm:6857,methoxyflurane,100427,PA450434
RxNorm:6878,"methylene blue",2405438,PA450457
RxNorm:6901,methylphenidate,,PA450464
RxNorm:69120,tiotropium,,PA164769056
RxNorm:6915,metoclopramide,,PA450475
RxNorm:6918,metoprolol,5290480,PA450480
RxNorm:6960,midazolam,,PA450496
RxNorm:704,amitriptyline,100414,PA448385
RxNorm:7052,morphine,100416,PA450550
RxNorm:70561,palonosetron,100417,PA10352
RxNorm:711942,eltrombopag,,PA165981594
RxNorm:714438,pazopanib,,PA165291492
RxNorm:7145,"mycophenolic acid",,PA164748728
RxNorm:719872,raltegravir,,PA164888966
RxNorm:72143,raloxifene,,PA451221
RxNorm:722,amoxapine,,PA448405
RxNorm:72236,fosphenytoin,100412,PA164746820
RxNorm:7226,nadolol,5290480,PA450573
RxNorm:7240,"nalidixic acid",2405438,PA164746384
RxNorm:7242,naloxone,,PA450586
RxNorm:7243,naltrexone,100416,PA450588
RxNorm:725,amphetamine,,PA448408
RxNorm:7258,naproxen,110058,PA450595
RxNorm:72625,duloxetine,100413,PA10066
RxNorm:7299,neomycin,826283,PA450608
RxNorm:73032,remifentanil,100416,PA451232
RxNorm:73056,risedronate,,PA451255
RxNorm:73178,iloperidone,,PA161199368
RxNorm:7337,netilmicin,826283,PA164754913
RxNorm:734064,desvenlafaxine,100413,PA165958374
RxNorm:7407,nicotine,,PA450626
RxNorm:7454,nitrofurantoin,2405438,PA450640
RxNorm:7455,nitrofural,2405438,PA164754877
RxNorm:7517,norfloxacin,2405438,PA450654
RxNorm:7531,nortriptyline,100414,PA450657
RxNorm:7623,ofloxacin,2405438,PA450684
RxNorm:7646,omeprazole,110076,PA450704
RxNorm:77492,tamsulosin,,PA451583
RxNorm:7781,oxazepam,,PA450731
RxNorm:7804,oxycodone,100416,PA450741
RxNorm:7833,"aminosalicylic acid",2405438,PA448382
RxNorm:7934,paromomycin,826283,PA164784023
RxNorm:797195,fesoterodine,,PA165958376
RxNorm:8076,perphenazine,,PA450882
RxNorm:8120,phenazopyridine,2405438,PA164746899
RxNorm:8150,phenprocoumon,,PA450921
RxNorm:816346,dexlansoprazole,110076,PA166110257
RxNorm:8183,phenytoin,100412,PA450947
RxNorm:82122,levofloxacin,,PA450214
RxNorm:8331,pimozide,,PA450965
RxNorm:8332,pindolol,5290480,PA450966
RxNorm:83367,atorvastatin,100426,PA448500
RxNorm:8356,piroxicam,110058,PA450985
RxNorm:84108,rosiglitazone,,PA451283
RxNorm:861634,pitavastatin,100426,PA142650384
RxNorm:8687,primaquine,2405438,PA451103
RxNorm:8698,probenecid,2405438,PA451106
RxNorm:8700,procainamide,,PA451108
RxNorm:8754,propafenone,,PA451131
RxNorm:8787,propranolol,5290480,PA451145
RxNorm:8794,propylthiouracil,,PA451156
RxNorm:8886,protriptyline,,PA451168
RxNorm:89013,aripiprazole,,PA10026
RxNorm:901805,"velaglucerase alfa",,PA166115366
RxNorm:9061,mepacrine,2405438,PA164745551
RxNorm:9068,quinidine,,PA451209
RxNorm:9071,quinine,2405438,PA451213
RxNorm:9344,ribavirin,100424,PA451241
RxNorm:9524,sulfasalazine,2405438,PA451547
RxNorm:9894,"sodium nitrite",2405438,PA166115361
RxNorm:9947,sotalol,5290480,PA451457
RxNorm:9997,spironolactone,,PA451483
RxNorm:NA,ribostamycin,826283,PA166292902